order_id,customer_id,customer_name,order_date,product_id,product_name,category,quantity,price,total_amount,payment_method,order_status,city,country
1001,C138,Divya,2026-01-15,P302,Bag,Accessories,3,3000,9000,COD,Pending,Chennai,India
1002,C024,Priya,2026-02-07,P102,Laptop,Electronics,2,50000,100000,UPI,Completed,Bangalore,India
1003,C195,Priya,2026-01-10,P202,Shoes,Fashion,1,2500,2500,COD,Cancelled,Mumbai,India
1004,C102,Vijay,2026-01-18,P102,Laptop,Electronics,2,50000,100000,Card,Completed,Mumbai,India
1005,C084,Ravi,2026-03-24,P201,Shirt,Fashion,3,1200,3600,UPI,Pending,Delhi,India
1006,C196,Kumar,2026-01-31,P302,Bag,Accessories,2,3000,6000,COD,Completed,Coimbatore,India
1007,C092,Vijay,2026-02-13,P202,Shoes,Fashion,1,2500,2500,Card,Pending,Bangalore,India
1008,C036,Arun,2026-01-08,P302,Bag,Accessories,1,3000,3000,UPI,Pending,Bangalore,India
1009,C193,Sneha,2026-03-11,P102,Laptop,Electronics,1,50000,50000,UPI,Completed,Madurai,India
1010,C010,Priya,2026-01-24,P102,Laptop,Electronics,1,50000,50000,COD,Pending,Madurai,India
1011,C151,Vijay,2026-01-10,P301,Watch,Accessories,2,8000,16000,Card,Completed,Coimbatore,India
1012,C076,Anitha,2026-02-13,P101,Smartphone,Electronics,2,15000,30000,Card,Cancelled,Mumbai,India
1013,C116,Kumar,2026-02-26,P301,Watch,Accessories,1,8000,8000,Card,Completed,Madurai,India
1014,C041,Divya,2026-03-23,P201,Shirt,Fashion,3,1200,3600,UPI,Completed,Coimbatore,India
1015,C141,Arun,2026-03-26,P302,Bag,Accessories,3,3000,9000,COD,Cancelled,Madurai,India
1016,C071,Anitha,2026-02-07,P102,Laptop,Electronics,1,50000,50000,COD,Completed,Bangalore,India
1017,C059,Arun,2026-01-04,P202,Shoes,Fashion,2,2500,5000,COD,Cancelled,Mumbai,India
1018,C083,Priya,2026-03-05,P101,Smartphone,Electronics,3,15000,45000,Card,Completed,Coimbatore,India
1019,C103,Suresh,2026-01-26,P103,Headphones,Electronics,1,2000,2000,COD,Completed,Bangalore,India
1020,C074,Vijay,2026-02-26,P103,Headphones,Electronics,1,2000,2000,UPI,Completed,Madurai,India
1021,C047,Rahul,2026-02-10,P302,Bag,Accessories,3,3000,9000,UPI,Pending,Delhi,India
1022,C190,Ravi,2026-03-20,P202,Shoes,Fashion,2,2500,5000,UPI,Pending,Delhi,India
1023,C032,Ravi,2026-01-18,P101,Smartphone,Electronics,1,15000,15000,COD,Completed,Delhi,India
1024,C191,Arun,2026-03-16,P102,Laptop,Electronics,1,50000,50000,Card,Pending,Chennai,India
1025,C167,Vijay,2026-01-01,P103,Headphones,Electronics,3,2000,6000,UPI,Pending,Delhi,India
1026,C099,Anitha,2026-02-06,P103,Headphones,Electronics,3,2000,6000,UPI,Completed,Bangalore,India
1027,C054,Rahul,2026-02-24,P101,Smartphone,Electronics,2,15000,30000,UPI,Completed,Madurai,India
1028,C128,Kumar,2026-03-27,P102,Laptop,Electronics,1,50000,50000,Card,Pending,Mumbai,India
1029,C113,Divya,2026-02-07,P101,Smartphone,Electronics,3,15000,45000,COD,Completed,Madurai,India
1030,C013,Sneha,2026-01-25,P201,Shirt,Fashion,1,1200,1200,Card,Pending,Coimbatore,India
1031,C086,Suresh,2026-03-02,P201,Shirt,Fashion,1,1200,1200,Card,Cancelled,Delhi,India
1032,C107,Kumar,2026-02-19,P201,Shirt,Fashion,2,1200,2400,COD,Pending,Hyderabad,India
1033,C073,Ravi,2026-03-16,P301,Watch,Accessories,1,8000,8000,Card,Cancelled,Delhi,India
1034,C120,Divya,2026-03-31,P301,Watch,Accessories,1,8000,8000,UPI,Completed,Madurai,India
1035,C106,Kumar,2026-01-05,P103,Headphones,Electronics,3,2000,6000,COD,Pending,Bangalore,India
1036,C096,Sneha,2026-02-20,P202,Shoes,Fashion,1,2500,2500,COD,Cancelled,Madurai,India
1037,C134,Rahul,2026-01-28,P201,Shirt,Fashion,3,1200,3600,COD,Completed,Madurai,India
1038,C140,Suresh,2026-04-01,P101,Smartphone,Electronics,1,15000,15000,UPI,Cancelled,Bangalore,India
1039,C185,Vijay,2026-03-11,P101,Smartphone,Electronics,1,15000,15000,Card,Completed,Hyderabad,India
1040,C033,Anitha,2026-01-16,P101,Smartphone,Electronics,1,15000,15000,Card,Pending,Hyderabad,India
1041,C014,Priya,2026-01-07,P101,Smartphone,Electronics,1,15000,15000,COD,Completed,Coimbatore,India
1042,C175,Suresh,2026-03-07,P103,Headphones,Electronics,2,2000,4000,UPI,Cancelled,Coimbatore,India
1043,C111,Vijay,2026-03-23,P101,Smartphone,Electronics,2,15000,30000,COD,Completed,Madurai,India
1044,C181,Anitha,2026-03-27,P201,Shirt,Fashion,1,1200,1200,UPI,Cancelled,Chennai,India
1045,C176,Arun,2026-02-27,P102,Laptop,Electronics,2,50000,100000,UPI,Cancelled,Delhi,India
1046,C007,Vijay,2026-03-20,P301,Watch,Accessories,1,8000,8000,UPI,Completed,Chennai,India
1047,C174,Priya,2026-03-31,P201,Shirt,Fashion,1,1200,1200,Card,Completed,Chennai,India
1048,C054,Priya,2026-01-25,P201,Shirt,Fashion,1,1200,1200,UPI,Pending,Hyderabad,India
1049,C155,Sneha,2026-03-28,P201,Shirt,Fashion,2,1200,2400,COD,Completed,Mumbai,India
1050,C154,Priya,2026-01-01,P301,Watch,Accessories,3,8000,24000,COD,Cancelled,Chennai,India
1051,C189,Rahul,2026-01-02,P201,Shirt,Fashion,2,1200,2400,Card,Pending,Delhi,India
1052,C034,Kumar,2026-02-03,P101,Smartphone,Electronics,3,15000,45000,COD,Completed,Coimbatore,India
1053,C026,Divya,2026-02-08,P201,Shirt,Fashion,1,1200,1200,Card,Pending,Coimbatore,India
1054,C053,Priya,2026-01-05,P302,Bag,Accessories,1,3000,3000,UPI,Cancelled,Hyderabad,India
1055,C056,Arun,2026-02-02,P102,Laptop,Electronics,2,50000,100000,UPI,Pending,Madurai,India
1056,C011,Kumar,2026-03-10,P301,Watch,Accessories,2,8000,16000,UPI,Completed,Bangalore,India
1057,C146,Ravi,2026-01-26,P103,Headphones,Electronics,2,2000,4000,COD,Cancelled,Chennai,India
1058,C023,Suresh,2026-02-01,P302,Bag,Accessories,3,3000,9000,Card,Cancelled,Chennai,India
1059,C182,Arun,2026-04-01,P301,Watch,Accessories,3,8000,24000,UPI,Completed,Coimbatore,India
1060,C042,Kumar,2026-03-02,P302,Bag,Accessories,3,3000,9000,Card,Completed,Bangalore,India
1061,C030,Arun,2026-02-22,P101,Smartphone,Electronics,2,15000,30000,UPI,Cancelled,Chennai,India
1062,C023,Suresh,2026-02-21,P202,Shoes,Fashion,3,2500,7500,UPI,Cancelled,Madurai,India
1063,C059,Vijay,2026-03-30,P103,Headphones,Electronics,1,2000,2000,Card,Pending,Delhi,India
1064,C048,Divya,2026-03-05,P202,Shoes,Fashion,3,2500,7500,UPI,Cancelled,Delhi,India
1065,C040,Divya,2026-03-14,P301,Watch,Accessories,3,8000,24000,Card,Pending,Mumbai,India
1066,C131,Priya,2026-01-22,P302,Bag,Accessories,1,3000,3000,COD,Pending,Delhi,India
1067,C183,Arun,2026-03-11,P102,Laptop,Electronics,2,50000,100000,UPI,Pending,Chennai,India
1068,C080,Ravi,2026-01-21,P202,Shoes,Fashion,3,2500,7500,UPI,Completed,Coimbatore,India
1069,C150,Priya,2026-02-28,P301,Watch,Accessories,2,8000,16000,UPI,Cancelled,Chennai,India
1070,C027,Suresh,2026-02-10,P201,Shirt,Fashion,3,1200,3600,UPI,Completed,Bangalore,India
1071,C038,Vijay,2026-01-05,P201,Shirt,Fashion,1,1200,1200,Card,Cancelled,Delhi,India
1072,C074,Arun,2026-01-30,P103,Headphones,Electronics,3,2000,6000,COD,Completed,Hyderabad,India
1073,C062,Anitha,2026-01-23,P101,Smartphone,Electronics,2,15000,30000,Card,Cancelled,Coimbatore,India
1074,C141,Suresh,2026-02-08,P102,Laptop,Electronics,1,50000,50000,UPI,Cancelled,Bangalore,India
1075,C063,Kumar,2026-02-05,P103,Headphones,Electronics,1,2000,2000,Card,Cancelled,Chennai,India
1076,C094,Arun,2026-02-25,P202,Shoes,Fashion,2,2500,5000,COD,Completed,Mumbai,India
1077,C044,Sneha,2026-03-12,P302,Bag,Accessories,2,3000,6000,UPI,Cancelled,Hyderabad,India
1078,C151,Ravi,2026-03-22,P102,Laptop,Electronics,2,50000,100000,UPI,Pending,Delhi,India
1079,C081,Rahul,2026-03-03,P102,Laptop,Electronics,3,50000,150000,Card,Completed,Coimbatore,India
1080,C158,Divya,2026-01-29,P102,Laptop,Electronics,2,50000,100000,UPI,Cancelled,Delhi,India
1081,C100,Suresh,2026-01-24,P101,Smartphone,Electronics,1,15000,15000,UPI,Completed,Hyderabad,India
1082,C072,Anitha,2026-01-15,P102,Laptop,Electronics,2,50000,100000,Card,Cancelled,Coimbatore,India
1083,C138,Vijay,2026-02-23,P302,Bag,Accessories,1,3000,3000,UPI,Pending,Bangalore,India
1084,C031,Kumar,2026-02-09,P301,Watch,Accessories,2,8000,16000,UPI,Cancelled,Bangalore,India
1085,C012,Kumar,2026-01-06,P102,Laptop,Electronics,1,50000,50000,COD,Pending,Chennai,India
1086,C088,Divya,2026-02-22,P301,Watch,Accessories,3,8000,24000,UPI,Pending,Madurai,India
1087,C018,Vijay,2026-02-23,P202,Shoes,Fashion,2,2500,5000,Card,Pending,Bangalore,India
1088,C166,Sneha,2026-03-12,P102,Laptop,Electronics,2,50000,100000,UPI,Completed,Delhi,India
1089,C107,Rahul,2026-01-19,P201,Shirt,Fashion,3,1200,3600,Card,Completed,Bangalore,India
1090,C056,Divya,2026-01-20,P302,Bag,Accessories,1,3000,3000,UPI,Cancelled,Bangalore,India
1091,C145,Anitha,2026-02-27,P301,Watch,Accessories,3,8000,24000,Card,Cancelled,Madurai,India
1092,C140,Kumar,2026-03-03,P201,Shirt,Fashion,1,1200,1200,Card,Completed,Coimbatore,India
1093,C090,Sneha,2026-03-14,P202,Shoes,Fashion,2,2500,5000,COD,Pending,Mumbai,India
1094,C097,Sneha,2026-03-11,P302,Bag,Accessories,1,3000,3000,Card,Completed,Mumbai,India
1095,C070,Rahul,2026-01-21,P103,Headphones,Electronics,3,2000,6000,COD,Cancelled,Madurai,India
1096,C113,Rahul,2026-01-07,P201,Shirt,Fashion,1,1200,1200,Card,Completed,Chennai,India
1097,C126,Vijay,2026-03-13,P301,Watch,Accessories,3,8000,24000,COD,Cancelled,Hyderabad,India
1098,C179,Vijay,2026-01-23,P102,Laptop,Electronics,3,50000,150000,UPI,Pending,Madurai,India
1099,C193,Divya,2026-01-01,P103,Headphones,Electronics,1,2000,2000,Card,Cancelled,Hyderabad,India
1100,C074,Vijay,2026-03-23,P301,Watch,Accessories,2,8000,16000,COD,Cancelled,Bangalore,India
1101,C066,Ravi,2026-02-04,P102,Laptop,Electronics,3,50000,150000,COD,Pending,Coimbatore,India
1102,C138,Priya,2026-02-07,P102,Laptop,Electronics,1,50000,50000,Card,Pending,Chennai,India
1103,C144,Ravi,2026-03-09,P202,Shoes,Fashion,1,2500,2500,Card,Cancelled,Hyderabad,India
1104,C101,Kumar,2026-02-16,P301,Watch,Accessories,3,8000,24000,Card,Completed,Mumbai,India
1105,C094,Arun,2026-03-07,P102,Laptop,Electronics,1,50000,50000,COD,Pending,Bangalore,India
1106,C104,Suresh,2026-01-19,P301,Watch,Accessories,2,8000,16000,Card,Completed,Mumbai,India
1107,C056,Anitha,2026-03-25,P102,Laptop,Electronics,1,50000,50000,UPI,Completed,Bangalore,India
1108,C024,Vijay,2026-03-15,P103,Headphones,Electronics,1,2000,2000,Card,Pending,Madurai,India
1109,C028,Vijay,2026-02-21,P201,Shirt,Fashion,2,1200,2400,Card,Pending,Chennai,India
1110,C065,Arun,2026-01-15,P202,Shoes,Fashion,3,2500,7500,COD,Completed,Coimbatore,India
1111,C069,Priya,2026-03-04,P202,Shoes,Fashion,3,2500,7500,Card,Cancelled,Chennai,India
1112,C050,Sneha,2026-03-31,P102,Laptop,Electronics,1,50000,50000,Card,Pending,Delhi,India
1113,C038,Rahul,2026-01-03,P201,Shirt,Fashion,2,1200,2400,UPI,Cancelled,Delhi,India
1114,C115,Suresh,2026-02-11,P201,Shirt,Fashion,3,1200,3600,COD,Completed,Mumbai,India
1115,C072,Vijay,2026-02-28,P302,Bag,Accessories,1,3000,3000,UPI,Cancelled,Madurai,India
1116,C073,Ravi,2026-02-19,P102,Laptop,Electronics,2,50000,100000,UPI,Completed,Coimbatore,India
1117,C156,Kumar,2026-03-21,P301,Watch,Accessories,2,8000,16000,UPI,Completed,Coimbatore,India
1118,C101,Priya,2026-03-23,P103,Headphones,Electronics,2,2000,4000,COD,Pending,Coimbatore,India
1119,C036,Rahul,2026-01-03,P202,Shoes,Fashion,3,2500,7500,Card,Cancelled,Bangalore,India
1120,C029,Priya,2026-03-08,P301,Watch,Accessories,2,8000,16000,Card,Completed,Coimbatore,India
1121,C080,Kumar,2026-02-26,P302,Bag,Accessories,1,3000,3000,UPI,Completed,Madurai,India
1122,C062,Sneha,2026-01-12,P101,Smartphone,Electronics,3,15000,45000,UPI,Completed,Chennai,India
1123,C177,Vijay,2026-03-21,P102,Laptop,Electronics,2,50000,100000,UPI,Completed,Delhi,India
1124,C106,Vijay,2026-02-07,P201,Shirt,Fashion,3,1200,3600,Card,Completed,Hyderabad,India
1125,C154,Anitha,2026-03-17,P302,Bag,Accessories,1,3000,3000,COD,Cancelled,Delhi,India
1126,C117,Ravi,2026-03-11,P301,Watch,Accessories,3,8000,24000,COD,Completed,Hyderabad,India
1127,C163,Ravi,2026-03-18,P201,Shirt,Fashion,3,1200,3600,UPI,Completed,Chennai,India
1128,C135,Suresh,2026-03-06,P202,Shoes,Fashion,3,2500,7500,UPI,Completed,Hyderabad,India
1129,C189,Suresh,2026-03-02,P103,Headphones,Electronics,3,2000,6000,UPI,Pending,Chennai,India
1130,C022,Anitha,2026-01-25,P301,Watch,Accessories,3,8000,24000,COD,Pending,Madurai,India
1131,C083,Anitha,2026-03-25,P201,Shirt,Fashion,1,1200,1200,Card,Cancelled,Mumbai,India
1132,C066,Suresh,2026-02-06,P201,Shirt,Fashion,2,1200,2400,Card,Pending,Delhi,India
1133,C190,Rahul,2026-03-12,P103,Headphones,Electronics,3,2000,6000,Card,Pending,Bangalore,India
1134,C090,Priya,2026-02-19,P103,Headphones,Electronics,1,2000,2000,UPI,Pending,Bangalore,India
1135,C105,Kumar,2026-01-20,P103,Headphones,Electronics,2,2000,4000,COD,Completed,Madurai,India
1136,C044,Suresh,2026-01-08,P101,Smartphone,Electronics,2,15000,30000,COD,Pending,Hyderabad,India
1137,C164,Anitha,2026-02-22,P101,Smartphone,Electronics,2,15000,30000,Card,Pending,Coimbatore,India
1138,C167,Rahul,2026-03-01,P201,Shirt,Fashion,2,1200,2400,COD,Cancelled,Madurai,India
1139,C117,Vijay,2026-03-08,P201,Shirt,Fashion,3,1200,3600,UPI,Completed,Hyderabad,India
1140,C169,Vijay,2026-02-12,P103,Headphones,Electronics,3,2000,6000,UPI,Cancelled,Mumbai,India
1141,C137,Priya,2026-03-10,P103,Headphones,Electronics,1,2000,2000,Card,Completed,Hyderabad,India
1142,C179,Sneha,2026-01-09,P101,Smartphone,Electronics,3,15000,45000,COD,Pending,Coimbatore,India
1143,C020,Suresh,2026-02-06,P301,Watch,Accessories,3,8000,24000,COD,Pending,Coimbatore,India
1144,C063,Kumar,2026-01-04,P302,Bag,Accessories,1,3000,3000,UPI,Completed,Delhi,India
1145,C056,Suresh,2026-02-24,P302,Bag,Accessories,1,3000,3000,Card,Pending,Mumbai,India
1146,C008,Vijay,2026-01-26,P301,Watch,Accessories,1,8000,8000,COD,Pending,Mumbai,India
1147,C152,Priya,2026-02-01,P101,Smartphone,Electronics,2,15000,30000,UPI,Completed,Bangalore,India
1148,C119,Vijay,2026-02-19,P302,Bag,Accessories,3,3000,9000,COD,Completed,Coimbatore,India
1149,C033,Divya,2026-03-06,P302,Bag,Accessories,3,3000,9000,Card,Completed,Mumbai,India
1150,C135,Kumar,2026-01-23,P201,Shirt,Fashion,3,1200,3600,Card,Completed,Bangalore,India
1151,C085,Anitha,2026-01-06,P302,Bag,Accessories,1,3000,3000,COD,Cancelled,Mumbai,India
1152,C040,Kumar,2026-03-08,P201,Shirt,Fashion,2,1200,2400,UPI,Completed,Chennai,India
1153,C073,Kumar,2026-02-18,P202,Shoes,Fashion,2,2500,5000,Card,Cancelled,Chennai,India
1154,C069,Rahul,2026-01-01,P302,Bag,Accessories,1,3000,3000,UPI,Pending,Chennai,India
1155,C068,Rahul,2026-02-20,P101,Smartphone,Electronics,1,15000,15000,Card,Completed,Chennai,India
1156,C152,Priya,2026-03-04,P101,Smartphone,Electronics,3,15000,45000,Card,Cancelled,Madurai,India
1157,C084,Vijay,2026-03-28,P301,Watch,Accessories,1,8000,8000,COD,Completed,Delhi,India
1158,C182,Rahul,2026-02-24,P102,Laptop,Electronics,2,50000,100000,COD,Completed,Hyderabad,India
1159,C123,Rahul,2026-03-15,P202,Shoes,Fashion,1,2500,2500,Card,Completed,Madurai,India
1160,C189,Vijay,2026-01-06,P201,Shirt,Fashion,3,1200,3600,Card,Completed,Bangalore,India
1161,C106,Divya,2026-01-18,P103,Headphones,Electronics,3,2000,6000,COD,Cancelled,Mumbai,India
1162,C189,Kumar,2026-03-12,P102,Laptop,Electronics,2,50000,100000,COD,Pending,Delhi,India
1163,C136,Vijay,2026-01-17,P302,Bag,Accessories,1,3000,3000,Card,Cancelled,Madurai,India
1164,C179,Vijay,2026-02-23,P103,Headphones,Electronics,3,2000,6000,Card,Cancelled,Coimbatore,India
1165,C052,Priya,2026-02-07,P301,Watch,Accessories,3,8000,24000,UPI,Cancelled,Delhi,India
1166,C076,Priya,2026-02-01,P101,Smartphone,Electronics,1,15000,15000,UPI,Pending,Coimbatore,India
1167,C117,Sneha,2026-02-10,P102,Laptop,Electronics,1,50000,50000,COD,Cancelled,Delhi,India
1168,C066,Ravi,2026-02-17,P201,Shirt,Fashion,3,1200,3600,Card,Pending,Mumbai,India
1169,C007,Kumar,2026-03-07,P201,Shirt,Fashion,1,1200,1200,Card,Pending,Hyderabad,India
1170,C073,Suresh,2026-03-06,P201,Shirt,Fashion,2,1200,2400,COD,Pending,Chennai,India
1171,C182,Suresh,2026-04-01,P302,Bag,Accessories,1,3000,3000,COD,Cancelled,Delhi,India
1172,C084,Priya,2026-02-15,P301,Watch,Accessories,2,8000,16000,Card,Pending,Coimbatore,India
1173,C036,Divya,2026-02-22,P202,Shoes,Fashion,2,2500,5000,Card,Completed,Delhi,India
1174,C163,Suresh,2026-02-17,P102,Laptop,Electronics,1,50000,50000,Card,Completed,Chennai,India
1175,C125,Kumar,2026-03-17,P103,Headphones,Electronics,2,2000,4000,COD,Pending,Mumbai,India
1176,C085,Suresh,2026-02-12,P202,Shoes,Fashion,3,2500,7500,UPI,Cancelled,Madurai,India
1177,C092,Suresh,2026-03-23,P301,Watch,Accessories,2,8000,16000,COD,Cancelled,Chennai,India
1178,C024,Vijay,2026-02-24,P301,Watch,Accessories,2,8000,16000,COD,Pending,Hyderabad,India
1179,C028,Suresh,2026-02-22,P101,Smartphone,Electronics,1,15000,15000,UPI,Pending,Chennai,India
1180,C019,Arun,2026-01-24,P102,Laptop,Electronics,3,50000,150000,UPI,Completed,Mumbai,India
1181,C071,Rahul,2026-03-24,P102,Laptop,Electronics,2,50000,100000,UPI,Cancelled,Delhi,India
1182,C013,Kumar,2026-01-30,P101,Smartphone,Electronics,1,15000,15000,Card,Completed,Bangalore,India
1183,C002,Suresh,2026-03-20,P102,Laptop,Electronics,3,50000,150000,Card,Pending,Delhi,India
1184,C177,Priya,2026-02-18,P201,Shirt,Fashion,1,1200,1200,Card,Completed,Mumbai,India
1185,C122,Divya,2026-01-31,P302,Bag,Accessories,2,3000,6000,Card,Cancelled,Chennai,India
1186,C042,Rahul,2026-03-14,P202,Shoes,Fashion,1,2500,2500,COD,Completed,Madurai,India
1187,C002,Arun,2026-02-07,P201,Shirt,Fashion,3,1200,3600,UPI,Completed,Delhi,India
1188,C089,Sneha,2026-01-23,P302,Bag,Accessories,2,3000,6000,Card,Cancelled,Hyderabad,India
1189,C200,Sneha,2026-02-23,P103,Headphones,Electronics,1,2000,2000,UPI,Cancelled,Coimbatore,India
1190,C137,Divya,2026-01-31,P301,Watch,Accessories,1,8000,8000,COD,Completed,Madurai,India
1191,C009,Ravi,2026-02-05,P202,Shoes,Fashion,3,2500,7500,COD,Completed,Bangalore,India
1192,C064,Vijay,2026-01-08,P302,Bag,Accessories,2,3000,6000,UPI,Pending,Coimbatore,India
1193,C155,Ravi,2026-01-17,P201,Shirt,Fashion,2,1200,2400,Card,Cancelled,Chennai,India
1194,C172,Priya,2026-01-16,P101,Smartphone,Electronics,2,15000,30000,UPI,Completed,Hyderabad,India
1195,C005,Ravi,2026-02-08,P302,Bag,Accessories,1,3000,3000,COD,Cancelled,Bangalore,India
1196,C001,Anitha,2026-01-20,P202,Shoes,Fashion,3,2500,7500,UPI,Pending,Coimbatore,India
1197,C111,Divya,2026-03-09,P301,Watch,Accessories,3,8000,24000,Card,Completed,Hyderabad,India
1198,C130,Sneha,2026-02-01,P102,Laptop,Electronics,3,50000,150000,COD,Completed,Hyderabad,India
1199,C168,Arun,2026-02-22,P101,Smartphone,Electronics,1,15000,15000,UPI,Completed,Chennai,India
1200,C191,Sneha,2026-02-09,P202,Shoes,Fashion,1,2500,2500,COD,Cancelled,Coimbatore,India
1201,C046,Sneha,2026-02-01,P302,Bag,Accessories,3,3000,9000,UPI,Completed,Hyderabad,India
1202,C185,Divya,2026-02-26,P301,Watch,Accessories,3,8000,24000,COD,Cancelled,Coimbatore,India
1203,C121,Anitha,2026-01-12,P201,Shirt,Fashion,2,1200,2400,COD,Completed,Bangalore,India
1204,C179,Ravi,2026-01-07,P102,Laptop,Electronics,2,50000,100000,UPI,Cancelled,Delhi,India
1205,C028,Kumar,2026-02-20,P301,Watch,Accessories,3,8000,24000,UPI,Pending,Bangalore,India
1206,C163,Kumar,2026-01-19,P202,Shoes,Fashion,1,2500,2500,UPI,Pending,Coimbatore,India
1207,C048,Rahul,2026-02-07,P101,Smartphone,Electronics,3,15000,45000,Card,Completed,Coimbatore,India
1208,C063,Vijay,2026-02-04,P101,Smartphone,Electronics,1,15000,15000,COD,Completed,Coimbatore,India
1209,C133,Kumar,2026-03-13,P301,Watch,Accessories,3,8000,24000,UPI,Pending,Chennai,India
1210,C011,Rahul,2026-01-20,P202,Shoes,Fashion,1,2500,2500,UPI,Cancelled,Chennai,India
1211,C155,Suresh,2026-02-20,P302,Bag,Accessories,1,3000,3000,Card,Cancelled,Bangalore,India
1212,C013,Priya,2026-03-29,P103,Headphones,Electronics,3,2000,6000,COD,Completed,Madurai,India
1213,C011,Suresh,2026-03-31,P202,Shoes,Fashion,3,2500,7500,COD,Cancelled,Mumbai,India
1214,C041,Priya,2026-03-05,P101,Smartphone,Electronics,3,15000,45000,Card,Completed,Mumbai,India
1215,C045,Divya,2026-03-09,P102,Laptop,Electronics,2,50000,100000,UPI,Cancelled,Chennai,India
1216,C045,Kumar,2026-01-13,P101,Smartphone,Electronics,1,15000,15000,UPI,Completed,Delhi,India
1217,C094,Rahul,2026-01-27,P301,Watch,Accessories,1,8000,8000,Card,Completed,Hyderabad,India
1218,C176,Sneha,2026-02-16,P202,Shoes,Fashion,1,2500,2500,UPI,Cancelled,Madurai,India
1219,C096,Arun,2026-01-22,P302,Bag,Accessories,2,3000,6000,Card,Pending,Hyderabad,India
1220,C150,Kumar,2026-03-24,P103,Headphones,Electronics,1,2000,2000,Card,Pending,Mumbai,India
1221,C054,Divya,2026-01-24,P202,Shoes,Fashion,1,2500,2500,Card,Pending,Madurai,India
1222,C039,Sneha,2026-02-22,P103,Headphones,Electronics,1,2000,2000,COD,Completed,Delhi,India
1223,C014,Kumar,2026-02-10,P202,Shoes,Fashion,1,2500,2500,UPI,Completed,Madurai,India
1224,C200,Priya,2026-02-06,P102,Laptop,Electronics,1,50000,50000,UPI,Pending,Delhi,India
1225,C021,Anitha,2026-01-27,P102,Laptop,Electronics,3,50000,150000,Card,Completed,Mumbai,India
1226,C147,Arun,2026-01-07,P301,Watch,Accessories,1,8000,8000,UPI,Pending,Mumbai,India
1227,C093,Suresh,2026-02-19,P101,Smartphone,Electronics,2,15000,30000,Card,Pending,Coimbatore,India
1228,C146,Divya,2026-02-10,P302,Bag,Accessories,1,3000,3000,UPI,Pending,Hyderabad,India
1229,C151,Vijay,2026-01-25,P202,Shoes,Fashion,3,2500,7500,COD,Cancelled,Bangalore,India
1230,C009,Divya,2026-02-11,P101,Smartphone,Electronics,1,15000,15000,Card,Completed,Coimbatore,India
1231,C123,Vijay,2026-02-05,P102,Laptop,Electronics,1,50000,50000,UPI,Cancelled,Mumbai,India
1232,C199,Priya,2026-02-24,P103,Headphones,Electronics,2,2000,4000,UPI,Completed,Hyderabad,India
1233,C136,Ravi,2026-01-16,P301,Watch,Accessories,2,8000,16000,UPI,Completed,Coimbatore,India
1234,C194,Divya,2026-03-30,P102,Laptop,Electronics,3,50000,150000,Card,Cancelled,Chennai,India
1235,C191,Priya,2026-02-26,P301,Watch,Accessories,1,8000,8000,COD,Completed,Hyderabad,India
1236,C133,Anitha,2026-03-05,P103,Headphones,Electronics,3,2000,6000,UPI,Cancelled,Mumbai,India
1237,C072,Sneha,2026-01-23,P301,Watch,Accessories,3,8000,24000,Card,Pending,Coimbatore,India
1238,C161,Kumar,2026-02-10,P302,Bag,Accessories,3,3000,9000,COD,Pending,Coimbatore,India
1239,C031,Rahul,2026-03-30,P102,Laptop,Electronics,1,50000,50000,COD,Completed,Madurai,India
1240,C015,Arun,2026-01-10,P301,Watch,Accessories,1,8000,8000,COD,Cancelled,Chennai,India
1241,C112,Rahul,2026-02-12,P201,Shirt,Fashion,3,1200,3600,COD,Pending,Hyderabad,India
1242,C145,Kumar,2026-02-03,P201,Shirt,Fashion,2,1200,2400,UPI,Cancelled,Delhi,India
1243,C019,Rahul,2026-03-22,P302,Bag,Accessories,2,3000,6000,UPI,Cancelled,Hyderabad,India
1244,C097,Suresh,2026-01-02,P103,Headphones,Electronics,2,2000,4000,UPI,Pending,Mumbai,India
1245,C108,Divya,2026-01-11,P103,Headphones,Electronics,2,2000,4000,Card,Pending,Madurai,India
1246,C089,Kumar,2026-03-26,P201,Shirt,Fashion,1,1200,1200,COD,Pending,Hyderabad,India
1247,C152,Sneha,2026-03-10,P102,Laptop,Electronics,3,50000,150000,COD,Completed,Madurai,India
1248,C172,Ravi,2026-02-23,P202,Shoes,Fashion,1,2500,2500,UPI,Pending,Mumbai,India
1249,C094,Ravi,2026-03-23,P102,Laptop,Electronics,2,50000,100000,UPI,Cancelled,Coimbatore,India
1250,C142,Priya,2026-01-08,P103,Headphones,Electronics,3,2000,6000,Card,Pending,Mumbai,India
1251,C089,Anitha,2026-03-17,P101,Smartphone,Electronics,1,15000,15000,Card,Cancelled,Chennai,India
1252,C055,Divya,2026-04-01,P202,Shoes,Fashion,3,2500,7500,UPI,Cancelled,Madurai,India
1253,C179,Vijay,2026-02-02,P101,Smartphone,Electronics,3,15000,45000,COD,Cancelled,Madurai,India
1254,C014,Kumar,2026-03-25,P302,Bag,Accessories,3,3000,9000,Card,Cancelled,Delhi,India
1255,C158,Ravi,2026-01-01,P201,Shirt,Fashion,2,1200,2400,UPI,Cancelled,Coimbatore,India
1256,C114,Rahul,2026-03-17,P101,Smartphone,Electronics,2,15000,30000,Card,Cancelled,Hyderabad,India
1257,C059,Divya,2026-03-12,P101,Smartphone,Electronics,2,15000,30000,COD,Pending,Mumbai,India
1258,C049,Anitha,2026-02-24,P103,Headphones,Electronics,1,2000,2000,UPI,Completed,Bangalore,India
1259,C196,Vijay,2026-03-27,P102,Laptop,Electronics,3,50000,150000,COD,Completed,Hyderabad,India
1260,C041,Rahul,2026-02-10,P301,Watch,Accessories,2,8000,16000,UPI,Cancelled,Delhi,India
1261,C064,Sneha,2026-01-17,P101,Smartphone,Electronics,1,15000,15000,COD,Pending,Bangalore,India
1262,C070,Vijay,2026-03-09,P302,Bag,Accessories,1,3000,3000,UPI,Completed,Hyderabad,India
1263,C164,Kumar,2026-03-08,P201,Shirt,Fashion,2,1200,2400,Card,Pending,Bangalore,India
1264,C196,Ravi,2026-03-22,P103,Headphones,Electronics,2,2000,4000,Card,Completed,Hyderabad,India
1265,C189,Ravi,2026-02-24,P201,Shirt,Fashion,1,1200,1200,UPI,Cancelled,Bangalore,India
1266,C145,Divya,2026-03-22,P302,Bag,Accessories,3,3000,9000,COD,Pending,Coimbatore,India
1267,C010,Ravi,2026-02-27,P301,Watch,Accessories,1,8000,8000,Card,Pending,Delhi,India
1268,C129,Rahul,2026-02-10,P101,Smartphone,Electronics,2,15000,30000,Card,Completed,Hyderabad,India
1269,C143,Anitha,2026-01-19,P201,Shirt,Fashion,3,1200,3600,Card,Cancelled,Bangalore,India
1270,C012,Rahul,2026-03-27,P102,Laptop,Electronics,3,50000,150000,UPI,Completed,Madurai,India
1271,C083,Arun,2026-03-04,P302,Bag,Accessories,1,3000,3000,COD,Pending,Madurai,India
1272,C071,Divya,2026-01-13,P102,Laptop,Electronics,2,50000,100000,COD,Cancelled,Coimbatore,India
1273,C139,Vijay,2026-01-24,P103,Headphones,Electronics,3,2000,6000,Card,Pending,Chennai,India
1274,C057,Priya,2026-01-09,P101,Smartphone,Electronics,1,15000,15000,Card,Pending,Mumbai,India
1275,C035,Sneha,2026-03-10,P102,Laptop,Electronics,3,50000,150000,Card,Completed,Mumbai,India
1276,C097,Anitha,2026-02-08,P101,Smartphone,Electronics,3,15000,45000,Card,Completed,Bangalore,India
1277,C118,Vijay,2026-01-14,P103,Headphones,Electronics,1,2000,2000,COD,Completed,Mumbai,India
1278,C199,Arun,2026-01-31,P102,Laptop,Electronics,1,50000,50000,COD,Completed,Delhi,India
1279,C158,Ravi,2026-03-04,P102,Laptop,Electronics,3,50000,150000,Card,Cancelled,Mumbai,India
1280,C094,Suresh,2026-03-23,P201,Shirt,Fashion,2,1200,2400,UPI,Pending,Madurai,India
1281,C099,Anitha,2026-01-01,P102,Laptop,Electronics,2,50000,100000,COD,Pending,Hyderabad,India
1282,C114,Rahul,2026-03-21,P102,Laptop,Electronics,3,50000,150000,Card,Pending,Madurai,India
1283,C183,Rahul,2026-03-21,P302,Bag,Accessories,1,3000,3000,Card,Pending,Coimbatore,India
1284,C102,Anitha,2026-03-07,P103,Headphones,Electronics,1,2000,2000,UPI,Pending,Chennai,India
1285,C115,Arun,2026-01-17,P302,Bag,Accessories,2,3000,6000,Card,Pending,Coimbatore,India
1286,C084,Ravi,2026-01-08,P101,Smartphone,Electronics,3,15000,45000,UPI,Cancelled,Chennai,India
1287,C171,Arun,2026-03-06,P202,Shoes,Fashion,2,2500,5000,COD,Cancelled,Coimbatore,India
1288,C125,Ravi,2026-01-21,P301,Watch,Accessories,1,8000,8000,UPI,Pending,Hyderabad,India
1289,C033,Rahul,2026-03-06,P201,Shirt,Fashion,2,1200,2400,COD,Pending,Chennai,India
1290,C010,Ravi,2026-01-17,P302,Bag,Accessories,1,3000,3000,Card,Completed,Chennai,India
1291,C124,Divya,2026-03-29,P103,Headphones,Electronics,2,2000,4000,Card,Completed,Chennai,India
1292,C008,Kumar,2026-03-03,P301,Watch,Accessories,3,8000,24000,COD,Pending,Hyderabad,India
1293,C009,Anitha,2026-02-07,P103,Headphones,Electronics,1,2000,2000,UPI,Cancelled,Madurai,India
1294,C079,Kumar,2026-03-24,P302,Bag,Accessories,3,3000,9000,Card,Completed,Mumbai,India
1295,C106,Kumar,2026-01-22,P202,Shoes,Fashion,1,2500,2500,COD,Cancelled,Madurai,India
1296,C028,Suresh,2026-03-04,P102,Laptop,Electronics,1,50000,50000,Card,Cancelled,Bangalore,India
1297,C171,Divya,2026-03-20,P103,Headphones,Electronics,1,2000,2000,COD,Completed,Mumbai,India
1298,C100,Vijay,2026-01-29,P301,Watch,Accessories,2,8000,16000,UPI,Completed,Coimbatore,India
1299,C199,Arun,2026-03-04,P201,Shirt,Fashion,3,1200,3600,UPI,Pending,Madurai,India
1300,C101,Anitha,2026-02-12,P302,Bag,Accessories,3,3000,9000,UPI,Completed,Bangalore,India
1301,C086,Priya,2026-03-25,P302,Bag,Accessories,3,3000,9000,Card,Pending,Madurai,India
1302,C174,Rahul,2026-01-06,P103,Headphones,Electronics,2,2000,4000,UPI,Cancelled,Madurai,India
1303,C129,Sneha,2026-03-05,P101,Smartphone,Electronics,2,15000,30000,Card,Pending,Chennai,India
1304,C100,Priya,2026-02-13,P302,Bag,Accessories,2,3000,6000,Card,Pending,Chennai,India
1305,C178,Priya,2026-03-13,P301,Watch,Accessories,3,8000,24000,Card,Completed,Hyderabad,India
1306,C104,Anitha,2026-01-21,P103,Headphones,Electronics,3,2000,6000,COD,Completed,Madurai,India
1307,C074,Sneha,2026-02-21,P301,Watch,Accessories,1,8000,8000,Card,Completed,Mumbai,India
1308,C028,Divya,2026-02-13,P202,Shoes,Fashion,3,2500,7500,UPI,Pending,Delhi,India
1309,C126,Ravi,2026-02-15,P302,Bag,Accessories,1,3000,3000,COD,Pending,Bangalore,India
1310,C096,Sneha,2026-02-08,P103,Headphones,Electronics,3,2000,6000,COD,Cancelled,Coimbatore,India
1311,C128,Arun,2026-03-09,P202,Shoes,Fashion,2,2500,5000,COD,Pending,Coimbatore,India
1312,C157,Ravi,2026-01-10,P103,Headphones,Electronics,2,2000,4000,COD,Cancelled,Coimbatore,India
1313,C060,Divya,2026-03-05,P103,Headphones,Electronics,2,2000,4000,UPI,Pending,Bangalore,India
1314,C158,Vijay,2026-03-18,P202,Shoes,Fashion,2,2500,5000,UPI,Completed,Chennai,India
1315,C163,Vijay,2026-04-01,P101,Smartphone,Electronics,2,15000,30000,COD,Cancelled,Delhi,India
1316,C077,Suresh,2026-03-02,P302,Bag,Accessories,2,3000,6000,UPI,Cancelled,Delhi,India
1317,C121,Vijay,2026-03-05,P302,Bag,Accessories,2,3000,6000,Card,Cancelled,Bangalore,India
1318,C045,Suresh,2026-01-27,P201,Shirt,Fashion,2,1200,2400,UPI,Pending,Madurai,India
1319,C024,Suresh,2026-01-23,P102,Laptop,Electronics,2,50000,100000,COD,Cancelled,Delhi,India
1320,C091,Vijay,2026-03-04,P202,Shoes,Fashion,2,2500,5000,Card,Pending,Delhi,India
1321,C137,Arun,2026-03-18,P102,Laptop,Electronics,2,50000,100000,UPI,Cancelled,Mumbai,India
1322,C151,Divya,2026-03-15,P102,Laptop,Electronics,1,50000,50000,UPI,Pending,Delhi,India
1323,C157,Arun,2026-01-23,P101,Smartphone,Electronics,2,15000,30000,Card,Cancelled,Chennai,India
1324,C060,Priya,2026-02-03,P301,Watch,Accessories,3,8000,24000,UPI,Completed,Coimbatore,India
1325,C096,Rahul,2026-02-21,P202,Shoes,Fashion,1,2500,2500,COD,Pending,Mumbai,India
1326,C003,Sneha,2026-02-02,P302,Bag,Accessories,1,3000,3000,COD,Pending,Chennai,India
1327,C115,Priya,2026-01-31,P101,Smartphone,Electronics,3,15000,45000,COD,Pending,Bangalore,India
1328,C195,Rahul,2026-01-22,P103,Headphones,Electronics,1,2000,2000,Card,Completed,Hyderabad,India
1329,C188,Vijay,2026-01-21,P201,Shirt,Fashion,3,1200,3600,Card,Pending,Chennai,India
1330,C165,Sneha,2026-01-14,P202,Shoes,Fashion,2,2500,5000,Card,Cancelled,Mumbai,India
1331,C094,Kumar,2026-01-31,P101,Smartphone,Electronics,1,15000,15000,Card,Cancelled,Coimbatore,India
1332,C078,Divya,2026-02-11,P302,Bag,Accessories,1,3000,3000,UPI,Completed,Chennai,India
1333,C023,Arun,2026-03-03,P102,Laptop,Electronics,2,50000,100000,Card,Completed,Hyderabad,India
1334,C034,Divya,2026-02-18,P301,Watch,Accessories,2,8000,16000,Card,Cancelled,Chennai,India
1335,C170,Ravi,2026-01-21,P302,Bag,Accessories,1,3000,3000,COD,Completed,Coimbatore,India
1336,C042,Anitha,2026-02-06,P103,Headphones,Electronics,2,2000,4000,COD,Completed,Madurai,India
1337,C167,Ravi,2026-01-01,P302,Bag,Accessories,3,3000,9000,Card,Cancelled,Delhi,India
1338,C116,Divya,2026-01-17,P302,Bag,Accessories,2,3000,6000,COD,Pending,Coimbatore,India
1339,C063,Divya,2026-01-04,P201,Shirt,Fashion,1,1200,1200,Card,Completed,Madurai,India
1340,C181,Rahul,2026-01-21,P302,Bag,Accessories,3,3000,9000,COD,Completed,Mumbai,India
1341,C170,Anitha,2026-02-25,P103,Headphones,Electronics,3,2000,6000,UPI,Cancelled,Chennai,India
1342,C028,Rahul,2026-02-12,P103,Headphones,Electronics,1,2000,2000,Card,Cancelled,Coimbatore,India
1343,C122,Suresh,2026-01-30,P102,Laptop,Electronics,3,50000,150000,UPI,Completed,Bangalore,India
1344,C045,Arun,2026-01-19,P301,Watch,Accessories,3,8000,24000,Card,Completed,Delhi,India
1345,C193,Anitha,2026-03-15,P301,Watch,Accessories,1,8000,8000,UPI,Pending,Madurai,India
1346,C014,Suresh,2026-02-21,P301,Watch,Accessories,1,8000,8000,COD,Pending,Madurai,India
1347,C011,Suresh,2026-02-09,P202,Shoes,Fashion,3,2500,7500,COD,Completed,Chennai,India
1348,C039,Anitha,2026-01-08,P103,Headphones,Electronics,1,2000,2000,COD,Completed,Bangalore,India
1349,C002,Vijay,2026-01-13,P202,Shoes,Fashion,1,2500,2500,Card,Completed,Bangalore,India
1350,C119,Sneha,2026-03-18,P103,Headphones,Electronics,2,2000,4000,COD,Completed,Hyderabad,India
1351,C012,Sneha,2026-01-25,P302,Bag,Accessories,2,3000,6000,COD,Cancelled,Bangalore,India
1352,C091,Priya,2026-03-17,P301,Watch,Accessories,2,8000,16000,UPI,Cancelled,Chennai,India
1353,C001,Sneha,2026-01-04,P201,Shirt,Fashion,1,1200,1200,COD,Cancelled,Hyderabad,India
1354,C076,Rahul,2026-03-31,P301,Watch,Accessories,2,8000,16000,COD,Completed,Delhi,India
1355,C187,Arun,2026-03-06,P201,Shirt,Fashion,3,1200,3600,Card,Cancelled,Madurai,India
1356,C012,Sneha,2026-01-30,P201,Shirt,Fashion,1,1200,1200,UPI,Cancelled,Coimbatore,India
1357,C138,Ravi,2026-03-29,P201,Shirt,Fashion,2,1200,2400,COD,Cancelled,Delhi,India
1358,C163,Ravi,2026-01-20,P202,Shoes,Fashion,3,2500,7500,COD,Completed,Chennai,India
1359,C184,Divya,2026-01-17,P302,Bag,Accessories,2,3000,6000,UPI,Completed,Mumbai,India
1360,C154,Rahul,2026-02-06,P102,Laptop,Electronics,1,50000,50000,UPI,Cancelled,Bangalore,India
1361,C139,Suresh,2026-02-17,P202,Shoes,Fashion,1,2500,2500,COD,Completed,Mumbai,India
1362,C079,Anitha,2026-03-27,P201,Shirt,Fashion,1,1200,1200,UPI,Cancelled,Hyderabad,India
1363,C034,Priya,2026-02-20,P101,Smartphone,Electronics,2,15000,30000,COD,Cancelled,Bangalore,India
1364,C091,Kumar,2026-02-21,P101,Smartphone,Electronics,2,15000,30000,UPI,Completed,Chennai,India
1365,C021,Priya,2026-02-26,P101,Smartphone,Electronics,2,15000,30000,Card,Cancelled,Bangalore,India
1366,C045,Anitha,2026-02-03,P301,Watch,Accessories,2,8000,16000,Card,Cancelled,Delhi,India
1367,C166,Ravi,2026-02-13,P202,Shoes,Fashion,2,2500,5000,UPI,Pending,Hyderabad,India
1368,C177,Anitha,2026-01-31,P201,Shirt,Fashion,2,1200,2400,Card,Completed,Bangalore,India
1369,C159,Vijay,2026-01-05,P301,Watch,Accessories,1,8000,8000,COD,Cancelled,Hyderabad,India
1370,C076,Divya,2026-02-24,P202,Shoes,Fashion,1,2500,2500,COD,Pending,Delhi,India
1371,C063,Rahul,2026-01-09,P102,Laptop,Electronics,2,50000,100000,UPI,Pending,Bangalore,India
1372,C005,Suresh,2026-04-01,P302,Bag,Accessories,1,3000,3000,Card,Completed,Mumbai,India
1373,C164,Arun,2026-03-05,P301,Watch,Accessories,3,8000,24000,UPI,Cancelled,Hyderabad,India
1374,C023,Vijay,2026-02-24,P202,Shoes,Fashion,2,2500,5000,Card,Pending,Bangalore,India
1375,C048,Arun,2026-01-07,P302,Bag,Accessories,2,3000,6000,Card,Cancelled,Madurai,India
1376,C194,Vijay,2026-03-10,P103,Headphones,Electronics,3,2000,6000,UPI,Cancelled,Chennai,India
1377,C102,Sneha,2026-01-26,P301,Watch,Accessories,1,8000,8000,Card,Pending,Coimbatore,India
1378,C069,Sneha,2026-03-17,P201,Shirt,Fashion,2,1200,2400,UPI,Completed,Delhi,India
1379,C030,Vijay,2026-02-22,P202,Shoes,Fashion,3,2500,7500,UPI,Cancelled,Mumbai,India
1380,C085,Arun,2026-02-12,P202,Shoes,Fashion,1,2500,2500,COD,Pending,Mumbai,India
1381,C076,Vijay,2026-02-11,P102,Laptop,Electronics,1,50000,50000,COD,Completed,Delhi,India
1382,C128,Divya,2026-03-18,P103,Headphones,Electronics,2,2000,4000,Card,Pending,Coimbatore,India
1383,C070,Ravi,2026-03-16,P103,Headphones,Electronics,3,2000,6000,COD,Pending,Coimbatore,India
1384,C178,Anitha,2026-01-29,P201,Shirt,Fashion,1,1200,1200,Card,Cancelled,Bangalore,India
1385,C004,Vijay,2026-03-31,P202,Shoes,Fashion,1,2500,2500,UPI,Completed,Madurai,India
1386,C063,Priya,2026-02-14,P202,Shoes,Fashion,3,2500,7500,COD,Completed,Mumbai,India
1387,C102,Sneha,2026-03-01,P101,Smartphone,Electronics,2,15000,30000,UPI,Cancelled,Coimbatore,India
1388,C063,Rahul,2026-01-22,P301,Watch,Accessories,1,8000,8000,Card,Completed,Coimbatore,India
1389,C186,Sneha,2026-02-13,P101,Smartphone,Electronics,2,15000,30000,COD,Completed,Coimbatore,India
1390,C074,Ravi,2026-03-18,P302,Bag,Accessories,1,3000,3000,Card,Cancelled,Mumbai,India
1391,C129,Ravi,2026-01-25,P301,Watch,Accessories,3,8000,24000,Card,Cancelled,Madurai,India
1392,C192,Ravi,2026-02-03,P102,Laptop,Electronics,2,50000,100000,UPI,Cancelled,Madurai,India
1393,C150,Suresh,2026-02-20,P202,Shoes,Fashion,3,2500,7500,UPI,Cancelled,Bangalore,India
1394,C139,Ravi,2026-02-25,P301,Watch,Accessories,3,8000,24000,Card,Completed,Madurai,India
1395,C029,Rahul,2026-02-19,P101,Smartphone,Electronics,3,15000,45000,UPI,Pending,Delhi,India
1396,C003,Rahul,2026-01-27,P103,Headphones,Electronics,2,2000,4000,COD,Cancelled,Coimbatore,India
1397,C122,Priya,2026-02-06,P301,Watch,Accessories,3,8000,24000,UPI,Pending,Bangalore,India
1398,C009,Ravi,2026-03-15,P102,Laptop,Electronics,1,50000,50000,UPI,Pending,Chennai,India
1399,C022,Arun,2026-01-11,P302,Bag,Accessories,3,3000,9000,COD,Completed,Bangalore,India
1400,C190,Priya,2026-01-14,P102,Laptop,Electronics,2,50000,100000,Card,Pending,Delhi,India
1401,C022,Arun,2026-01-28,P103,Headphones,Electronics,2,2000,4000,Card,Completed,Mumbai,India
1402,C189,Ravi,2026-03-19,P102,Laptop,Electronics,2,50000,100000,UPI,Completed,Madurai,India
1403,C156,Divya,2026-01-01,P201,Shirt,Fashion,2,1200,2400,COD,Cancelled,Bangalore,India
1404,C148,Rahul,2026-02-11,P202,Shoes,Fashion,2,2500,5000,UPI,Pending,Bangalore,India
1405,C151,Suresh,2026-02-11,P103,Headphones,Electronics,3,2000,6000,UPI,Pending,Coimbatore,India
1406,C126,Suresh,2026-02-11,P302,Bag,Accessories,2,3000,6000,Card,Cancelled,Hyderabad,India
1407,C152,Arun,2026-03-16,P202,Shoes,Fashion,2,2500,5000,Card,Cancelled,Chennai,India
1408,C192,Kumar,2026-02-09,P101,Smartphone,Electronics,1,15000,15000,COD,Pending,Mumbai,India
1409,C179,Sneha,2026-02-02,P103,Headphones,Electronics,3,2000,6000,Card,Pending,Madurai,India
1410,C018,Divya,2026-01-13,P102,Laptop,Electronics,1,50000,50000,Card,Cancelled,Mumbai,India
1411,C156,Vijay,2026-03-25,P301,Watch,Accessories,2,8000,16000,UPI,Pending,Madurai,India
1412,C074,Priya,2026-02-27,P301,Watch,Accessories,2,8000,16000,COD,Pending,Bangalore,India
1413,C007,Divya,2026-03-16,P103,Headphones,Electronics,2,2000,4000,UPI,Pending,Madurai,India
1414,C098,Sneha,2026-01-05,P101,Smartphone,Electronics,3,15000,45000,UPI,Pending,Bangalore,India
1415,C157,Sneha,2026-01-01,P301,Watch,Accessories,1,8000,8000,Card,Cancelled,Mumbai,India
1416,C186,Priya,2026-01-03,P301,Watch,Accessories,2,8000,16000,UPI,Completed,Coimbatore,India
1417,C169,Ravi,2026-02-24,P302,Bag,Accessories,1,3000,3000,COD,Cancelled,Bangalore,India
1418,C095,Sneha,2026-02-07,P102,Laptop,Electronics,2,50000,100000,COD,Pending,Hyderabad,India
1419,C083,Ravi,2026-02-26,P301,Watch,Accessories,1,8000,8000,COD,Completed,Hyderabad,India
1420,C127,Sneha,2026-01-16,P102,Laptop,Electronics,3,50000,150000,Card,Pending,Delhi,India
1421,C137,Anitha,2026-03-30,P302,Bag,Accessories,1,3000,3000,Card,Completed,Mumbai,India
1422,C049,Priya,2026-01-06,P103,Headphones,Electronics,3,2000,6000,Card,Pending,Hyderabad,India
1423,C017,Kumar,2026-01-23,P201,Shirt,Fashion,3,1200,3600,Card,Cancelled,Hyderabad,India
1424,C150,Sneha,2026-02-19,P202,Shoes,Fashion,3,2500,7500,UPI,Pending,Hyderabad,India
1425,C068,Anitha,2026-03-16,P201,Shirt,Fashion,3,1200,3600,COD,Completed,Madurai,India
1426,C009,Anitha,2026-02-09,P103,Headphones,Electronics,3,2000,6000,COD,Cancelled,Chennai,India
1427,C092,Vijay,2026-01-16,P302,Bag,Accessories,2,3000,6000,UPI,Cancelled,Chennai,India
1428,C130,Divya,2026-01-11,P302,Bag,Accessories,3,3000,9000,Card,Cancelled,Delhi,India
1429,C157,Divya,2026-01-21,P302,Bag,Accessories,1,3000,3000,COD,Cancelled,Coimbatore,India
1430,C063,Kumar,2026-01-20,P301,Watch,Accessories,3,8000,24000,COD,Pending,Madurai,India
1431,C115,Ravi,2026-02-26,P301,Watch,Accessories,1,8000,8000,UPI,Cancelled,Hyderabad,India
1432,C019,Kumar,2026-02-17,P201,Shirt,Fashion,3,1200,3600,Card,Completed,Madurai,India
1433,C174,Priya,2026-03-22,P102,Laptop,Electronics,2,50000,100000,COD,Completed,Coimbatore,India
1434,C032,Ravi,2026-03-09,P201,Shirt,Fashion,2,1200,2400,Card,Cancelled,Delhi,India
1435,C089,Rahul,2026-02-09,P101,Smartphone,Electronics,1,15000,15000,UPI,Cancelled,Hyderabad,India
1436,C076,Anitha,2026-02-06,P302,Bag,Accessories,2,3000,6000,COD,Completed,Coimbatore,India
1437,C172,Arun,2026-01-17,P102,Laptop,Electronics,2,50000,100000,Card,Completed,Coimbatore,India
1438,C058,Ravi,2026-03-17,P302,Bag,Accessories,2,3000,6000,Card,Cancelled,Madurai,India
1439,C142,Suresh,2026-02-01,P103,Headphones,Electronics,1,2000,2000,COD,Pending,Chennai,India
1440,C054,Suresh,2026-03-17,P302,Bag,Accessories,3,3000,9000,COD,Pending,Bangalore,India
1441,C140,Priya,2026-03-21,P102,Laptop,Electronics,1,50000,50000,Card,Completed,Delhi,India
1442,C180,Vijay,2026-01-12,P103,Headphones,Electronics,1,2000,2000,COD,Pending,Hyderabad,India
1443,C175,Sneha,2026-01-08,P102,Laptop,Electronics,3,50000,150000,Card,Completed,Hyderabad,India
1444,C062,Suresh,2026-01-26,P103,Headphones,Electronics,3,2000,6000,Card,Cancelled,Mumbai,India
1445,C012,Suresh,2026-01-15,P302,Bag,Accessories,3,3000,9000,Card,Pending,Mumbai,India
1446,C144,Divya,2026-03-18,P202,Shoes,Fashion,1,2500,2500,UPI,Cancelled,Hyderabad,India
1447,C129,Anitha,2026-03-08,P103,Headphones,Electronics,1,2000,2000,Card,Cancelled,Mumbai,India
1448,C198,Ravi,2026-01-25,P102,Laptop,Electronics,3,50000,150000,COD,Cancelled,Coimbatore,India
1449,C054,Ravi,2026-02-09,P201,Shirt,Fashion,3,1200,3600,Card,Pending,Madurai,India
1450,C075,Vijay,2026-03-13,P301,Watch,Accessories,3,8000,24000,COD,Cancelled,Hyderabad,India
1451,C030,Rahul,2026-02-04,P302,Bag,Accessories,2,3000,6000,Card,Completed,Delhi,India
1452,C152,Vijay,2026-01-13,P201,Shirt,Fashion,1,1200,1200,COD,Completed,Hyderabad,India
1453,C167,Arun,2026-02-22,P302,Bag,Accessories,2,3000,6000,UPI,Pending,Chennai,India
1454,C008,Rahul,2026-01-13,P302,Bag,Accessories,1,3000,3000,UPI,Completed,Chennai,India
1455,C197,Sneha,2026-02-17,P301,Watch,Accessories,2,8000,16000,COD,Cancelled,Hyderabad,India
1456,C068,Kumar,2026-03-14,P103,Headphones,Electronics,3,2000,6000,COD,Cancelled,Bangalore,India
1457,C091,Anitha,2026-03-01,P202,Shoes,Fashion,1,2500,2500,UPI,Completed,Delhi,India
1458,C007,Arun,2026-03-05,P301,Watch,Accessories,2,8000,16000,UPI,Cancelled,Coimbatore,India
1459,C107,Kumar,2026-02-22,P302,Bag,Accessories,2,3000,6000,COD,Cancelled,Chennai,India
1460,C158,Ravi,2026-02-23,P301,Watch,Accessories,3,8000,24000,COD,Completed,Madurai,India
1461,C181,Suresh,2026-01-10,P102,Laptop,Electronics,3,50000,150000,COD,Completed,Mumbai,India
1462,C178,Ravi,2026-03-09,P103,Headphones,Electronics,2,2000,4000,UPI,Pending,Coimbatore,India
1463,C187,Sneha,2026-01-22,P201,Shirt,Fashion,1,1200,1200,UPI,Cancelled,Mumbai,India
1464,C065,Anitha,2026-03-03,P301,Watch,Accessories,1,8000,8000,UPI,Cancelled,Chennai,India
1465,C058,Ravi,2026-01-05,P101,Smartphone,Electronics,1,15000,15000,Card,Pending,Madurai,India
1466,C029,Suresh,2026-02-08,P201,Shirt,Fashion,3,1200,3600,COD,Cancelled,Bangalore,India
1467,C034,Ravi,2026-03-09,P201,Shirt,Fashion,2,1200,2400,COD,Pending,Bangalore,India
1468,C007,Vijay,2026-03-10,P302,Bag,Accessories,1,3000,3000,UPI,Pending,Hyderabad,India
1469,C026,Kumar,2026-02-08,P201,Shirt,Fashion,2,1200,2400,COD,Completed,Hyderabad,India
1470,C103,Sneha,2026-03-04,P201,Shirt,Fashion,3,1200,3600,Card,Cancelled,Delhi,India
1471,C112,Priya,2026-03-28,P101,Smartphone,Electronics,3,15000,45000,COD,Completed,Hyderabad,India
1472,C189,Priya,2026-01-30,P102,Laptop,Electronics,2,50000,100000,COD,Completed,Chennai,India
1473,C042,Rahul,2026-03-12,P102,Laptop,Electronics,2,50000,100000,UPI,Completed,Hyderabad,India
1474,C199,Kumar,2026-02-02,P202,Shoes,Fashion,1,2500,2500,Card,Completed,Bangalore,India
1475,C157,Divya,2026-01-28,P101,Smartphone,Electronics,1,15000,15000,UPI,Cancelled,Coimbatore,India
1476,C005,Divya,2026-02-07,P301,Watch,Accessories,2,8000,16000,Card,Cancelled,Delhi,India
1477,C037,Priya,2026-01-11,P103,Headphones,Electronics,1,2000,2000,UPI,Cancelled,Delhi,India
1478,C054,Priya,2026-01-20,P302,Bag,Accessories,3,3000,9000,COD,Completed,Madurai,India
1479,C146,Kumar,2026-02-27,P201,Shirt,Fashion,2,1200,2400,COD,Cancelled,Chennai,India
1480,C003,Suresh,2026-01-05,P302,Bag,Accessories,2,3000,6000,Card,Completed,Madurai,India
1481,C072,Anitha,2026-01-07,P301,Watch,Accessories,1,8000,8000,COD,Cancelled,Delhi,India
1482,C179,Sneha,2026-02-07,P102,Laptop,Electronics,1,50000,50000,COD,Cancelled,Bangalore,India
1483,C117,Kumar,2026-02-27,P102,Laptop,Electronics,2,50000,100000,UPI,Cancelled,Coimbatore,India
1484,C187,Divya,2026-03-05,P302,Bag,Accessories,1,3000,3000,COD,Completed,Bangalore,India
1485,C007,Suresh,2026-03-27,P103,Headphones,Electronics,1,2000,2000,UPI,Pending,Madurai,India
1486,C118,Anitha,2026-01-10,P301,Watch,Accessories,2,8000,16000,Card,Completed,Delhi,India
1487,C107,Anitha,2026-01-30,P202,Shoes,Fashion,3,2500,7500,UPI,Cancelled,Bangalore,India
1488,C130,Divya,2026-02-06,P101,Smartphone,Electronics,2,15000,30000,Card,Completed,Mumbai,India
1489,C095,Anitha,2026-03-17,P202,Shoes,Fashion,3,2500,7500,COD,Completed,Chennai,India
1490,C116,Divya,2026-03-23,P102,Laptop,Electronics,3,50000,150000,Card,Completed,Mumbai,India
1491,C094,Kumar,2026-01-03,P103,Headphones,Electronics,1,2000,2000,UPI,Pending,Delhi,India
1492,C083,Sneha,2026-01-25,P201,Shirt,Fashion,1,1200,1200,COD,Cancelled,Hyderabad,India
1493,C197,Kumar,2026-01-13,P301,Watch,Accessories,2,8000,16000,UPI,Completed,Madurai,India
1494,C004,Kumar,2026-02-08,P101,Smartphone,Electronics,3,15000,45000,Card,Cancelled,Delhi,India
1495,C086,Vijay,2026-01-01,P202,Shoes,Fashion,3,2500,7500,Card,Cancelled,Chennai,India
1496,C112,Vijay,2026-01-09,P102,Laptop,Electronics,1,50000,50000,UPI,Pending,Mumbai,India
1497,C178,Kumar,2026-03-05,P301,Watch,Accessories,3,8000,24000,Card,Completed,Coimbatore,India
1498,C007,Priya,2026-03-23,P301,Watch,Accessories,1,8000,8000,UPI,Completed,Bangalore,India
1499,C103,Vijay,2026-01-29,P201,Shirt,Fashion,2,1200,2400,UPI,Pending,Mumbai,India
1500,C035,Suresh,2026-01-26,P202,Shoes,Fashion,1,2500,2500,COD,Completed,Chennai,India
1501,C089,Kumar,2026-02-17,P302,Bag,Accessories,2,3000,6000,COD,Pending,Delhi,India
1502,C185,Divya,2026-01-23,P301,Watch,Accessories,3,8000,24000,UPI,Cancelled,Delhi,India
1503,C073,Anitha,2026-01-13,P301,Watch,Accessories,3,8000,24000,Card,Cancelled,Mumbai,India
1504,C079,Suresh,2026-03-21,P201,Shirt,Fashion,3,1200,3600,Card,Pending,Madurai,India
1505,C047,Ravi,2026-01-12,P101,Smartphone,Electronics,3,15000,45000,Card,Cancelled,Madurai,India
1506,C161,Sneha,2026-01-13,P202,Shoes,Fashion,3,2500,7500,COD,Completed,Hyderabad,India
1507,C008,Priya,2026-02-08,P301,Watch,Accessories,3,8000,24000,UPI,Pending,Madurai,India
1508,C015,Ravi,2026-01-27,P102,Laptop,Electronics,1,50000,50000,UPI,Pending,Mumbai,India
1509,C097,Divya,2026-01-12,P103,Headphones,Electronics,3,2000,6000,UPI,Cancelled,Chennai,India
1510,C027,Ravi,2026-01-02,P101,Smartphone,Electronics,1,15000,15000,UPI,Cancelled,Madurai,India
1511,C012,Priya,2026-01-02,P202,Shoes,Fashion,2,2500,5000,COD,Cancelled,Mumbai,India
1512,C159,Arun,2026-01-13,P201,Shirt,Fashion,3,1200,3600,UPI,Completed,Mumbai,India
1513,C168,Suresh,2026-01-07,P301,Watch,Accessories,3,8000,24000,COD,Pending,Delhi,India
1514,C188,Suresh,2026-02-05,P302,Bag,Accessories,2,3000,6000,UPI,Completed,Mumbai,India
1515,C057,Sneha,2026-03-02,P302,Bag,Accessories,1,3000,3000,Card,Pending,Bangalore,India
1516,C049,Ravi,2026-03-24,P301,Watch,Accessories,2,8000,16000,Card,Pending,Hyderabad,India
1517,C112,Sneha,2026-01-08,P102,Laptop,Electronics,3,50000,150000,COD,Cancelled,Bangalore,India
1518,C022,Arun,2026-03-17,P202,Shoes,Fashion,2,2500,5000,UPI,Pending,Coimbatore,India
1519,C034,Sneha,2026-03-22,P301,Watch,Accessories,1,8000,8000,Card,Completed,Coimbatore,India
1520,C072,Vijay,2026-01-29,P301,Watch,Accessories,2,8000,16000,Card,Pending,Delhi,India
1521,C013,Rahul,2026-02-12,P201,Shirt,Fashion,3,1200,3600,COD,Pending,Chennai,India
1522,C130,Anitha,2026-03-06,P201,Shirt,Fashion,1,1200,1200,COD,Pending,Bangalore,India
1523,C009,Divya,2026-02-22,P301,Watch,Accessories,2,8000,16000,UPI,Cancelled,Delhi,India
1524,C021,Anitha,2026-01-21,P201,Shirt,Fashion,2,1200,2400,COD,Cancelled,Mumbai,India
1525,C006,Sneha,2026-02-09,P201,Shirt,Fashion,1,1200,1200,Card,Cancelled,Coimbatore,India
1526,C094,Rahul,2026-02-16,P302,Bag,Accessories,1,3000,3000,COD,Cancelled,Coimbatore,India
1527,C179,Rahul,2026-03-06,P202,Shoes,Fashion,1,2500,2500,UPI,Pending,Mumbai,India
1528,C029,Ravi,2026-01-10,P301,Watch,Accessories,2,8000,16000,Card,Cancelled,Bangalore,India
1529,C115,Divya,2026-02-16,P201,Shirt,Fashion,1,1200,1200,Card,Pending,Coimbatore,India
1530,C046,Anitha,2026-02-18,P201,Shirt,Fashion,2,1200,2400,Card,Pending,Bangalore,India
1531,C177,Suresh,2026-01-22,P202,Shoes,Fashion,2,2500,5000,Card,Pending,Bangalore,India
1532,C056,Divya,2026-01-22,P103,Headphones,Electronics,1,2000,2000,COD,Cancelled,Chennai,India
1533,C161,Anitha,2026-02-03,P101,Smartphone,Electronics,2,15000,30000,COD,Pending,Bangalore,India
1534,C078,Vijay,2026-03-30,P101,Smartphone,Electronics,3,15000,45000,Card,Completed,Hyderabad,India
1535,C094,Sneha,2026-02-15,P201,Shirt,Fashion,3,1200,3600,UPI,Pending,Madurai,India
1536,C073,Arun,2026-02-11,P302,Bag,Accessories,1,3000,3000,Card,Completed,Madurai,India
1537,C190,Priya,2026-01-02,P302,Bag,Accessories,3,3000,9000,UPI,Cancelled,Hyderabad,India
1538,C092,Rahul,2026-02-04,P302,Bag,Accessories,3,3000,9000,UPI,Completed,Mumbai,India
1539,C093,Arun,2026-01-02,P301,Watch,Accessories,2,8000,16000,COD,Pending,Delhi,India
1540,C021,Anitha,2026-02-18,P301,Watch,Accessories,2,8000,16000,COD,Completed,Chennai,India
1541,C109,Anitha,2026-01-11,P301,Watch,Accessories,3,8000,24000,Card,Pending,Delhi,India
1542,C073,Vijay,2026-03-27,P202,Shoes,Fashion,2,2500,5000,UPI,Completed,Delhi,India
1543,C042,Ravi,2026-03-18,P302,Bag,Accessories,3,3000,9000,Card,Cancelled,Coimbatore,India
1544,C198,Suresh,2026-01-21,P201,Shirt,Fashion,3,1200,3600,UPI,Completed,Hyderabad,India
1545,C199,Arun,2026-02-27,P201,Shirt,Fashion,3,1200,3600,COD,Completed,Mumbai,India
1546,C126,Priya,2026-02-05,P101,Smartphone,Electronics,1,15000,15000,Card,Completed,Madurai,India
1547,C122,Ravi,2026-03-22,P202,Shoes,Fashion,3,2500,7500,UPI,Pending,Hyderabad,India
1548,C063,Divya,2026-03-05,P301,Watch,Accessories,2,8000,16000,Card,Completed,Mumbai,India
1549,C125,Divya,2026-03-31,P102,Laptop,Electronics,1,50000,50000,Card,Completed,Chennai,India
1550,C126,Sneha,2026-01-16,P301,Watch,Accessories,1,8000,8000,UPI,Cancelled,Mumbai,India
1551,C118,Kumar,2026-01-03,P101,Smartphone,Electronics,2,15000,30000,Card,Pending,Madurai,India
1552,C182,Anitha,2026-01-05,P302,Bag,Accessories,1,3000,3000,COD,Cancelled,Mumbai,India
1553,C075,Divya,2026-03-08,P301,Watch,Accessories,2,8000,16000,Card,Completed,Chennai,India
1554,C160,Ravi,2026-02-07,P301,Watch,Accessories,1,8000,8000,UPI,Completed,Coimbatore,India
1555,C068,Rahul,2026-01-29,P102,Laptop,Electronics,2,50000,100000,COD,Completed,Madurai,India
1556,C114,Ravi,2026-03-30,P101,Smartphone,Electronics,1,15000,15000,UPI,Cancelled,Madurai,India
1557,C027,Sneha,2026-03-17,P202,Shoes,Fashion,3,2500,7500,COD,Completed,Mumbai,India
1558,C161,Anitha,2026-02-24,P302,Bag,Accessories,3,3000,9000,COD,Cancelled,Bangalore,India
1559,C079,Ravi,2026-04-01,P102,Laptop,Electronics,1,50000,50000,COD,Cancelled,Chennai,India
1560,C156,Vijay,2026-02-10,P101,Smartphone,Electronics,2,15000,30000,UPI,Cancelled,Hyderabad,India
1561,C177,Ravi,2026-02-09,P101,Smartphone,Electronics,3,15000,45000,Card,Pending,Madurai,India
1562,C013,Rahul,2026-01-18,P201,Shirt,Fashion,3,1200,3600,Card,Pending,Hyderabad,India
1563,C046,Divya,2026-02-15,P102,Laptop,Electronics,3,50000,150000,Card,Completed,Delhi,India
1564,C037,Rahul,2026-03-07,P103,Headphones,Electronics,2,2000,4000,UPI,Cancelled,Chennai,India
1565,C076,Sneha,2026-03-19,P102,Laptop,Electronics,2,50000,100000,UPI,Cancelled,Coimbatore,India
1566,C191,Priya,2026-02-18,P102,Laptop,Electronics,2,50000,100000,UPI,Cancelled,Hyderabad,India
1567,C135,Kumar,2026-03-21,P301,Watch,Accessories,1,8000,8000,Card,Cancelled,Mumbai,India
1568,C072,Kumar,2026-01-31,P301,Watch,Accessories,3,8000,24000,UPI,Cancelled,Chennai,India
1569,C104,Suresh,2026-02-18,P301,Watch,Accessories,1,8000,8000,Card,Completed,Coimbatore,India
1570,C075,Ravi,2026-03-19,P101,Smartphone,Electronics,2,15000,30000,COD,Completed,Mumbai,India
1571,C146,Kumar,2026-02-01,P101,Smartphone,Electronics,1,15000,15000,Card,Completed,Delhi,India
1572,C167,Ravi,2026-03-26,P102,Laptop,Electronics,1,50000,50000,UPI,Cancelled,Hyderabad,India
1573,C078,Sneha,2026-03-10,P201,Shirt,Fashion,1,1200,1200,UPI,Cancelled,Coimbatore,India
1574,C162,Priya,2026-01-31,P103,Headphones,Electronics,2,2000,4000,COD,Cancelled,Hyderabad,India
1575,C072,Kumar,2026-03-20,P302,Bag,Accessories,1,3000,3000,COD,Cancelled,Coimbatore,India
1576,C109,Kumar,2026-03-28,P102,Laptop,Electronics,2,50000,100000,UPI,Pending,Hyderabad,India
1577,C012,Sneha,2026-03-15,P103,Headphones,Electronics,3,2000,6000,UPI,Pending,Coimbatore,India
1578,C171,Arun,2026-02-24,P302,Bag,Accessories,2,3000,6000,Card,Cancelled,Bangalore,India
1579,C113,Ravi,2026-03-11,P102,Laptop,Electronics,3,50000,150000,COD,Pending,Coimbatore,India
1580,C049,Kumar,2026-01-30,P101,Smartphone,Electronics,2,15000,30000,UPI,Completed,Coimbatore,India
1581,C089,Arun,2026-03-06,P302,Bag,Accessories,1,3000,3000,Card,Cancelled,Delhi,India
1582,C027,Divya,2026-02-09,P202,Shoes,Fashion,2,2500,5000,Card,Pending,Madurai,India
1583,C152,Ravi,2026-03-14,P102,Laptop,Electronics,1,50000,50000,UPI,Completed,Delhi,India
1584,C043,Rahul,2026-01-12,P202,Shoes,Fashion,1,2500,2500,UPI,Pending,Hyderabad,India
1585,C129,Divya,2026-01-10,P201,Shirt,Fashion,3,1200,3600,COD,Pending,Mumbai,India
1586,C002,Rahul,2026-02-14,P201,Shirt,Fashion,1,1200,1200,UPI,Pending,Hyderabad,India
1587,C177,Ravi,2026-01-10,P202,Shoes,Fashion,1,2500,2500,COD,Completed,Coimbatore,India
1588,C127,Ravi,2026-02-28,P201,Shirt,Fashion,3,1200,3600,COD,Completed,Coimbatore,India
1589,C094,Vijay,2026-02-12,P102,Laptop,Electronics,3,50000,150000,UPI,Cancelled,Mumbai,India
1590,C100,Sneha,2026-03-02,P301,Watch,Accessories,1,8000,8000,UPI,Completed,Madurai,India
1591,C108,Sneha,2026-03-03,P202,Shoes,Fashion,1,2500,2500,COD,Completed,Delhi,India
1592,C094,Sneha,2026-02-06,P103,Headphones,Electronics,1,2000,2000,COD,Pending,Chennai,India
1593,C090,Anitha,2026-02-22,P202,Shoes,Fashion,2,2500,5000,Card,Completed,Coimbatore,India
1594,C188,Ravi,2026-01-19,P301,Watch,Accessories,1,8000,8000,UPI,Completed,Mumbai,India
1595,C177,Sneha,2026-03-03,P201,Shirt,Fashion,1,1200,1200,Card,Pending,Hyderabad,India
1596,C019,Arun,2026-02-12,P202,Shoes,Fashion,3,2500,7500,UPI,Cancelled,Bangalore,India
1597,C161,Sneha,2026-01-22,P201,Shirt,Fashion,1,1200,1200,Card,Pending,Chennai,India
1598,C134,Suresh,2026-02-16,P103,Headphones,Electronics,1,2000,2000,Card,Cancelled,Madurai,India
1599,C087,Rahul,2026-03-04,P302,Bag,Accessories,1,3000,3000,Card,Pending,Coimbatore,India
1600,C099,Divya,2026-02-10,P201,Shirt,Fashion,3,1200,3600,UPI,Pending,Madurai,India
1601,C195,Rahul,2026-02-04,P301,Watch,Accessories,3,8000,24000,UPI,Completed,Coimbatore,India
1602,C033,Sneha,2026-02-05,P202,Shoes,Fashion,3,2500,7500,COD,Completed,Chennai,India
1603,C019,Sneha,2026-02-28,P201,Shirt,Fashion,3,1200,3600,UPI,Completed,Bangalore,India
1604,C026,Vijay,2026-01-29,P102,Laptop,Electronics,1,50000,50000,UPI,Completed,Coimbatore,India
1605,C043,Sneha,2026-03-20,P301,Watch,Accessories,1,8000,8000,Card,Cancelled,Hyderabad,India
1606,C098,Priya,2026-03-15,P302,Bag,Accessories,3,3000,9000,UPI,Cancelled,Hyderabad,India
1607,C088,Sneha,2026-02-28,P302,Bag,Accessories,2,3000,6000,UPI,Cancelled,Coimbatore,India
1608,C021,Rahul,2026-02-13,P302,Bag,Accessories,3,3000,9000,Card,Completed,Mumbai,India
1609,C182,Priya,2026-02-26,P202,Shoes,Fashion,2,2500,5000,Card,Cancelled,Chennai,India
1610,C127,Vijay,2026-01-18,P201,Shirt,Fashion,3,1200,3600,UPI,Pending,Chennai,India
1611,C181,Suresh,2026-03-08,P101,Smartphone,Electronics,3,15000,45000,COD,Pending,Mumbai,India
1612,C101,Sneha,2026-01-12,P301,Watch,Accessories,2,8000,16000,COD,Cancelled,Coimbatore,India
1613,C123,Kumar,2026-03-27,P202,Shoes,Fashion,1,2500,2500,UPI,Cancelled,Hyderabad,India
1614,C113,Kumar,2026-01-31,P202,Shoes,Fashion,3,2500,7500,Card,Cancelled,Hyderabad,India
1615,C002,Priya,2026-03-01,P101,Smartphone,Electronics,1,15000,15000,Card,Completed,Mumbai,India
1616,C028,Arun,2026-02-10,P103,Headphones,Electronics,2,2000,4000,COD,Completed,Chennai,India
1617,C191,Ravi,2026-03-10,P201,Shirt,Fashion,3,1200,3600,UPI,Pending,Chennai,India
1618,C180,Rahul,2026-03-08,P301,Watch,Accessories,1,8000,8000,COD,Cancelled,Coimbatore,India
1619,C156,Kumar,2026-01-22,P202,Shoes,Fashion,1,2500,2500,UPI,Pending,Mumbai,India
1620,C187,Ravi,2026-01-16,P102,Laptop,Electronics,2,50000,100000,Card,Cancelled,Madurai,India
1621,C151,Anitha,2026-03-11,P101,Smartphone,Electronics,2,15000,30000,UPI,Cancelled,Bangalore,India
1622,C137,Arun,2026-01-12,P202,Shoes,Fashion,3,2500,7500,UPI,Cancelled,Coimbatore,India
1623,C052,Rahul,2026-01-06,P202,Shoes,Fashion,3,2500,7500,UPI,Cancelled,Chennai,India
1624,C136,Divya,2026-02-26,P201,Shirt,Fashion,3,1200,3600,UPI,Cancelled,Bangalore,India
1625,C074,Rahul,2026-03-30,P103,Headphones,Electronics,3,2000,6000,UPI,Completed,Bangalore,India
1626,C052,Anitha,2026-01-20,P302,Bag,Accessories,3,3000,9000,COD,Pending,Hyderabad,India
1627,C158,Divya,2026-03-05,P101,Smartphone,Electronics,3,15000,45000,COD,Pending,Madurai,India
1628,C097,Vijay,2026-02-14,P201,Shirt,Fashion,1,1200,1200,UPI,Completed,Mumbai,India
1629,C053,Suresh,2026-03-22,P301,Watch,Accessories,1,8000,8000,Card,Pending,Madurai,India
1630,C087,Vijay,2026-01-16,P101,Smartphone,Electronics,2,15000,30000,COD,Completed,Bangalore,India
1631,C186,Priya,2026-02-25,P302,Bag,Accessories,1,3000,3000,UPI,Cancelled,Delhi,India
1632,C122,Divya,2026-01-31,P202,Shoes,Fashion,2,2500,5000,COD,Cancelled,Delhi,India
1633,C149,Anitha,2026-03-03,P302,Bag,Accessories,1,3000,3000,UPI,Completed,Madurai,India
1634,C060,Anitha,2026-01-17,P301,Watch,Accessories,1,8000,8000,COD,Pending,Coimbatore,India
1635,C083,Anitha,2026-03-27,P202,Shoes,Fashion,3,2500,7500,UPI,Cancelled,Hyderabad,India
1636,C027,Divya,2026-03-28,P302,Bag,Accessories,1,3000,3000,Card,Completed,Hyderabad,India
1637,C086,Sneha,2026-03-20,P301,Watch,Accessories,1,8000,8000,UPI,Completed,Delhi,India
1638,C013,Kumar,2026-02-04,P201,Shirt,Fashion,2,1200,2400,COD,Cancelled,Chennai,India
1639,C195,Kumar,2026-04-01,P102,Laptop,Electronics,3,50000,150000,COD,Pending,Chennai,India
1640,C137,Ravi,2026-02-10,P201,Shirt,Fashion,2,1200,2400,COD,Completed,Hyderabad,India
1641,C162,Rahul,2026-01-31,P101,Smartphone,Electronics,2,15000,30000,Card,Completed,Bangalore,India
1642,C146,Ravi,2026-03-21,P302,Bag,Accessories,3,3000,9000,UPI,Cancelled,Chennai,India
1643,C078,Arun,2026-03-22,P103,Headphones,Electronics,1,2000,2000,UPI,Cancelled,Madurai,India
1644,C088,Anitha,2026-01-17,P103,Headphones,Electronics,2,2000,4000,Card,Pending,Delhi,India
1645,C061,Divya,2026-01-08,P201,Shirt,Fashion,3,1200,3600,COD,Completed,Delhi,India
1646,C049,Sneha,2026-03-30,P201,Shirt,Fashion,1,1200,1200,UPI,Pending,Bangalore,India
1647,C151,Divya,2026-01-05,P102,Laptop,Electronics,1,50000,50000,Card,Pending,Delhi,India
1648,C159,Vijay,2026-03-16,P103,Headphones,Electronics,3,2000,6000,UPI,Cancelled,Coimbatore,India
1649,C066,Suresh,2026-01-27,P301,Watch,Accessories,1,8000,8000,COD,Completed,Hyderabad,India
1650,C038,Anitha,2026-01-07,P201,Shirt,Fashion,1,1200,1200,Card,Cancelled,Bangalore,India
1651,C028,Arun,2026-02-03,P103,Headphones,Electronics,3,2000,6000,Card,Completed,Hyderabad,India
1652,C024,Anitha,2026-02-10,P202,Shoes,Fashion,2,2500,5000,Card,Pending,Delhi,India
1653,C040,Sneha,2026-03-09,P301,Watch,Accessories,2,8000,16000,COD,Completed,Madurai,India
1654,C098,Vijay,2026-03-02,P101,Smartphone,Electronics,1,15000,15000,Card,Completed,Delhi,India
1655,C075,Kumar,2026-03-24,P301,Watch,Accessories,3,8000,24000,UPI,Pending,Hyderabad,India
1656,C130,Sneha,2026-02-07,P301,Watch,Accessories,1,8000,8000,Card,Pending,Coimbatore,India
1657,C154,Divya,2026-02-21,P201,Shirt,Fashion,3,1200,3600,Card,Completed,Mumbai,India
1658,C086,Sneha,2026-01-14,P301,Watch,Accessories,1,8000,8000,COD,Completed,Mumbai,India
1659,C005,Divya,2026-02-09,P101,Smartphone,Electronics,2,15000,30000,COD,Pending,Hyderabad,India
1660,C178,Divya,2026-03-14,P302,Bag,Accessories,3,3000,9000,UPI,Completed,Chennai,India
1661,C145,Divya,2026-01-04,P101,Smartphone,Electronics,1,15000,15000,UPI,Pending,Chennai,India
1662,C031,Divya,2026-01-06,P102,Laptop,Electronics,3,50000,150000,COD,Completed,Coimbatore,India
1663,C087,Rahul,2026-02-20,P202,Shoes,Fashion,2,2500,5000,COD,Cancelled,Coimbatore,India
1664,C085,Priya,2026-01-10,P201,Shirt,Fashion,3,1200,3600,Card,Cancelled,Chennai,India
1665,C143,Ravi,2026-03-30,P302,Bag,Accessories,3,3000,9000,COD,Cancelled,Mumbai,India
1666,C063,Ravi,2026-01-19,P302,Bag,Accessories,2,3000,6000,Card,Cancelled,Hyderabad,India
1667,C141,Priya,2026-03-08,P201,Shirt,Fashion,3,1200,3600,UPI,Pending,Bangalore,India
1668,C054,Divya,2026-03-31,P103,Headphones,Electronics,1,2000,2000,UPI,Completed,Bangalore,India
1669,C138,Sneha,2026-01-08,P302,Bag,Accessories,1,3000,3000,COD,Pending,Chennai,India
1670,C009,Sneha,2026-03-04,P302,Bag,Accessories,3,3000,9000,Card,Cancelled,Hyderabad,India
1671,C100,Divya,2026-02-06,P301,Watch,Accessories,1,8000,8000,Card,Cancelled,Mumbai,India
1672,C130,Kumar,2026-02-28,P201,Shirt,Fashion,1,1200,1200,COD,Completed,Madurai,India
1673,C101,Divya,2026-03-20,P103,Headphones,Electronics,1,2000,2000,UPI,Cancelled,Coimbatore,India
1674,C023,Priya,2026-03-01,P103,Headphones,Electronics,1,2000,2000,Card,Cancelled,Hyderabad,India
1675,C160,Sneha,2026-03-21,P301,Watch,Accessories,2,8000,16000,COD,Cancelled,Coimbatore,India
1676,C002,Suresh,2026-01-07,P201,Shirt,Fashion,1,1200,1200,COD,Pending,Coimbatore,India
1677,C041,Vijay,2026-03-02,P101,Smartphone,Electronics,1,15000,15000,COD,Pending,Madurai,India
1678,C084,Kumar,2026-01-14,P101,Smartphone,Electronics,1,15000,15000,COD,Completed,Chennai,India
1679,C035,Kumar,2026-03-30,P201,Shirt,Fashion,3,1200,3600,COD,Cancelled,Hyderabad,India
1680,C078,Priya,2026-02-25,P101,Smartphone,Electronics,2,15000,30000,Card,Pending,Madurai,India
1681,C115,Kumar,2026-01-03,P201,Shirt,Fashion,2,1200,2400,Card,Pending,Bangalore,India
1682,C088,Sneha,2026-03-27,P202,Shoes,Fashion,2,2500,5000,Card,Completed,Coimbatore,India
1683,C200,Suresh,2026-02-23,P201,Shirt,Fashion,3,1200,3600,COD,Pending,Mumbai,India
1684,C192,Suresh,2026-02-26,P301,Watch,Accessories,3,8000,24000,COD,Cancelled,Madurai,India
1685,C084,Arun,2026-01-06,P301,Watch,Accessories,2,8000,16000,Card,Cancelled,Hyderabad,India
1686,C097,Arun,2026-03-04,P103,Headphones,Electronics,1,2000,2000,Card,Cancelled,Mumbai,India
1687,C116,Vijay,2026-01-03,P301,Watch,Accessories,2,8000,16000,UPI,Cancelled,Hyderabad,India
1688,C119,Ravi,2026-02-06,P103,Headphones,Electronics,2,2000,4000,COD,Pending,Madurai,India
1689,C015,Suresh,2026-01-07,P202,Shoes,Fashion,2,2500,5000,Card,Completed,Hyderabad,India
1690,C148,Anitha,2026-03-30,P202,Shoes,Fashion,1,2500,2500,COD,Completed,Hyderabad,India
1691,C042,Arun,2026-03-07,P103,Headphones,Electronics,2,2000,4000,COD,Pending,Mumbai,India
1692,C144,Ravi,2026-03-23,P101,Smartphone,Electronics,3,15000,45000,UPI,Completed,Hyderabad,India
1693,C113,Arun,2026-01-29,P101,Smartphone,Electronics,3,15000,45000,COD,Pending,Hyderabad,India
1694,C100,Vijay,2026-02-19,P302,Bag,Accessories,2,3000,6000,Card,Cancelled,Bangalore,India
1695,C106,Kumar,2026-03-22,P202,Shoes,Fashion,3,2500,7500,Card,Cancelled,Hyderabad,India
1696,C200,Kumar,2026-02-17,P102,Laptop,Electronics,1,50000,50000,Card,Cancelled,Bangalore,India
1697,C013,Suresh,2026-01-11,P102,Laptop,Electronics,3,50000,150000,Card,Cancelled,Hyderabad,India
1698,C170,Rahul,2026-02-16,P201,Shirt,Fashion,1,1200,1200,COD,Pending,Hyderabad,India
1699,C111,Kumar,2026-03-08,P202,Shoes,Fashion,2,2500,5000,UPI,Pending,Hyderabad,India
1700,C174,Rahul,2026-01-28,P201,Shirt,Fashion,3,1200,3600,Card,Completed,Hyderabad,India
1701,C011,Anitha,2026-01-21,P301,Watch,Accessories,3,8000,24000,COD,Completed,Delhi,India
1702,C104,Priya,2026-01-27,P201,Shirt,Fashion,1,1200,1200,COD,Pending,Hyderabad,India
1703,C181,Arun,2026-03-22,P201,Shirt,Fashion,3,1200,3600,COD,Completed,Mumbai,India
1704,C135,Ravi,2026-01-15,P101,Smartphone,Electronics,1,15000,15000,UPI,Completed,Hyderabad,India
1705,C123,Priya,2026-01-19,P302,Bag,Accessories,1,3000,3000,UPI,Cancelled,Bangalore,India
1706,C061,Priya,2026-02-27,P102,Laptop,Electronics,3,50000,150000,COD,Pending,Bangalore,India
1707,C080,Suresh,2026-02-27,P102,Laptop,Electronics,1,50000,50000,COD,Completed,Madurai,India
1708,C079,Ravi,2026-03-11,P102,Laptop,Electronics,3,50000,150000,Card,Pending,Coimbatore,India
1709,C048,Anitha,2026-01-06,P102,Laptop,Electronics,1,50000,50000,Card,Completed,Chennai,India
1710,C096,Vijay,2026-02-21,P201,Shirt,Fashion,1,1200,1200,Card,Completed,Chennai,India
1711,C195,Anitha,2026-01-25,P101,Smartphone,Electronics,2,15000,30000,UPI,Completed,Mumbai,India
1712,C111,Suresh,2026-01-27,P102,Laptop,Electronics,2,50000,100000,COD,Completed,Bangalore,India
1713,C198,Ravi,2026-02-17,P202,Shoes,Fashion,2,2500,5000,UPI,Pending,Coimbatore,India
1714,C037,Ravi,2026-02-10,P301,Watch,Accessories,3,8000,24000,Card,Completed,Chennai,India
1715,C134,Priya,2026-01-03,P103,Headphones,Electronics,1,2000,2000,Card,Pending,Delhi,India
1716,C096,Anitha,2026-01-20,P102,Laptop,Electronics,1,50000,50000,COD,Pending,Coimbatore,India
1717,C026,Ravi,2026-02-08,P102,Laptop,Electronics,2,50000,100000,Card,Pending,Bangalore,India
1718,C199,Vijay,2026-03-25,P301,Watch,Accessories,2,8000,16000,Card,Cancelled,Hyderabad,India
1719,C188,Kumar,2026-02-17,P302,Bag,Accessories,2,3000,6000,UPI,Completed,Coimbatore,India
1720,C087,Divya,2026-03-01,P102,Laptop,Electronics,1,50000,50000,COD,Cancelled,Delhi,India
1721,C118,Sneha,2026-01-21,P301,Watch,Accessories,2,8000,16000,Card,Completed,Chennai,India
1722,C035,Kumar,2026-02-25,P301,Watch,Accessories,3,8000,24000,COD,Pending,Madurai,India
1723,C087,Kumar,2026-01-24,P201,Shirt,Fashion,3,1200,3600,Card,Pending,Madurai,India
1724,C182,Suresh,2026-03-11,P201,Shirt,Fashion,1,1200,1200,UPI,Completed,Coimbatore,India
1725,C147,Kumar,2026-03-28,P102,Laptop,Electronics,2,50000,100000,UPI,Completed,Mumbai,India
1726,C030,Kumar,2026-03-08,P101,Smartphone,Electronics,2,15000,30000,COD,Cancelled,Mumbai,India
1727,C192,Kumar,2026-02-03,P101,Smartphone,Electronics,2,15000,30000,UPI,Cancelled,Madurai,India
1728,C024,Rahul,2026-03-28,P202,Shoes,Fashion,1,2500,2500,Card,Cancelled,Chennai,India
1729,C027,Anitha,2026-02-26,P102,Laptop,Electronics,2,50000,100000,UPI,Cancelled,Delhi,India
1730,C050,Ravi,2026-02-02,P102,Laptop,Electronics,2,50000,100000,Card,Completed,Bangalore,India
1731,C114,Ravi,2026-01-22,P201,Shirt,Fashion,2,1200,2400,Card,Completed,Delhi,India
1732,C087,Suresh,2026-03-14,P101,Smartphone,Electronics,3,15000,45000,Card,Cancelled,Bangalore,India
1733,C180,Vijay,2026-03-21,P103,Headphones,Electronics,1,2000,2000,Card,Completed,Bangalore,India
1734,C136,Priya,2026-01-08,P202,Shoes,Fashion,2,2500,5000,UPI,Cancelled,Chennai,India
1735,C182,Kumar,2026-02-19,P301,Watch,Accessories,2,8000,16000,Card,Pending,Mumbai,India
1736,C189,Anitha,2026-01-04,P102,Laptop,Electronics,3,50000,150000,Card,Completed,Chennai,India
1737,C167,Ravi,2026-01-19,P202,Shoes,Fashion,3,2500,7500,Card,Pending,Madurai,India
1738,C113,Vijay,2026-02-06,P302,Bag,Accessories,1,3000,3000,COD,Pending,Delhi,India
1739,C196,Ravi,2026-01-17,P302,Bag,Accessories,2,3000,6000,COD,Completed,Coimbatore,India
1740,C179,Ravi,2026-03-09,P301,Watch,Accessories,1,8000,8000,COD,Completed,Chennai,India
1741,C196,Vijay,2026-01-02,P202,Shoes,Fashion,2,2500,5000,COD,Cancelled,Bangalore,India
1742,C017,Vijay,2026-03-05,P202,Shoes,Fashion,2,2500,5000,UPI,Completed,Madurai,India
1743,C192,Divya,2026-01-24,P301,Watch,Accessories,2,8000,16000,UPI,Pending,Madurai,India
1744,C039,Arun,2026-02-11,P302,Bag,Accessories,3,3000,9000,UPI,Cancelled,Bangalore,India
1745,C037,Ravi,2026-03-14,P102,Laptop,Electronics,3,50000,150000,COD,Cancelled,Bangalore,India
1746,C062,Rahul,2026-02-26,P102,Laptop,Electronics,3,50000,150000,Card,Pending,Chennai,India
1747,C108,Divya,2026-03-23,P301,Watch,Accessories,2,8000,16000,UPI,Cancelled,Bangalore,India
1748,C022,Ravi,2026-03-16,P102,Laptop,Electronics,2,50000,100000,COD,Completed,Bangalore,India
1749,C200,Divya,2026-02-28,P302,Bag,Accessories,3,3000,9000,UPI,Completed,Delhi,India
1750,C161,Arun,2026-02-14,P302,Bag,Accessories,3,3000,9000,COD,Pending,Chennai,India
1751,C032,Suresh,2026-03-18,P202,Shoes,Fashion,3,2500,7500,Card,Completed,Hyderabad,India
1752,C109,Rahul,2026-01-28,P103,Headphones,Electronics,3,2000,6000,Card,Cancelled,Mumbai,India
1753,C193,Sneha,2026-03-21,P202,Shoes,Fashion,3,2500,7500,COD,Pending,Madurai,India
1754,C075,Kumar,2026-02-04,P201,Shirt,Fashion,1,1200,1200,UPI,Completed,Hyderabad,India
1755,C009,Priya,2026-01-04,P302,Bag,Accessories,1,3000,3000,UPI,Pending,Chennai,India
1756,C080,Vijay,2026-01-06,P301,Watch,Accessories,3,8000,24000,COD,Pending,Delhi,India
1757,C093,Rahul,2026-01-16,P202,Shoes,Fashion,1,2500,2500,Card,Pending,Bangalore,India
1758,C023,Anitha,2026-03-31,P202,Shoes,Fashion,1,2500,2500,Card,Pending,Bangalore,India
1759,C119,Vijay,2026-01-23,P103,Headphones,Electronics,2,2000,4000,Card,Cancelled,Madurai,India
1760,C060,Ravi,2026-03-15,P101,Smartphone,Electronics,2,15000,30000,UPI,Pending,Bangalore,India
1761,C159,Anitha,2026-03-05,P102,Laptop,Electronics,3,50000,150000,COD,Pending,Delhi,India
1762,C097,Sneha,2026-01-12,P102,Laptop,Electronics,1,50000,50000,COD,Pending,Hyderabad,India
1763,C090,Kumar,2026-03-12,P102,Laptop,Electronics,3,50000,150000,UPI,Cancelled,Coimbatore,India
1764,C039,Suresh,2026-02-02,P201,Shirt,Fashion,3,1200,3600,Card,Pending,Mumbai,India
1765,C043,Rahul,2026-02-13,P301,Watch,Accessories,3,8000,24000,UPI,Cancelled,Hyderabad,India
1766,C005,Kumar,2026-01-11,P301,Watch,Accessories,1,8000,8000,COD,Completed,Delhi,India
1767,C095,Suresh,2026-02-09,P102,Laptop,Electronics,1,50000,50000,UPI,Pending,Coimbatore,India
1768,C130,Vijay,2026-01-29,P201,Shirt,Fashion,2,1200,2400,COD,Pending,Chennai,India
1769,C095,Rahul,2026-02-10,P102,Laptop,Electronics,3,50000,150000,COD,Pending,Bangalore,India
1770,C137,Anitha,2026-01-05,P302,Bag,Accessories,1,3000,3000,UPI,Cancelled,Chennai,India
1771,C007,Ravi,2026-01-07,P302,Bag,Accessories,1,3000,3000,COD,Pending,Coimbatore,India
1772,C131,Ravi,2026-01-28,P201,Shirt,Fashion,1,1200,1200,Card,Pending,Madurai,India
1773,C131,Ravi,2026-03-29,P202,Shoes,Fashion,3,2500,7500,COD,Pending,Delhi,India
1774,C152,Suresh,2026-03-20,P301,Watch,Accessories,1,8000,8000,Card,Completed,Delhi,India
1775,C136,Rahul,2026-02-13,P301,Watch,Accessories,3,8000,24000,Card,Completed,Mumbai,India
1776,C102,Anitha,2026-01-12,P301,Watch,Accessories,1,8000,8000,UPI,Cancelled,Mumbai,India
1777,C152,Priya,2026-02-04,P101,Smartphone,Electronics,3,15000,45000,UPI,Completed,Madurai,India
1778,C096,Rahul,2026-01-01,P102,Laptop,Electronics,3,50000,150000,UPI,Cancelled,Madurai,India
1779,C003,Priya,2026-03-25,P301,Watch,Accessories,1,8000,8000,Card,Pending,Mumbai,India
1780,C178,Rahul,2026-01-12,P102,Laptop,Electronics,1,50000,50000,Card,Pending,Chennai,India
1781,C080,Vijay,2026-02-21,P202,Shoes,Fashion,2,2500,5000,UPI,Pending,Hyderabad,India
1782,C121,Sneha,2026-03-28,P202,Shoes,Fashion,1,2500,2500,COD,Cancelled,Madurai,India
1783,C041,Priya,2026-03-15,P202,Shoes,Fashion,1,2500,2500,Card,Completed,Chennai,India
1784,C146,Divya,2026-02-15,P102,Laptop,Electronics,3,50000,150000,UPI,Pending,Bangalore,India
1785,C126,Ravi,2026-01-28,P202,Shoes,Fashion,2,2500,5000,Card,Cancelled,Delhi,India
1786,C156,Vijay,2026-02-13,P201,Shirt,Fashion,1,1200,1200,COD,Cancelled,Chennai,India
1787,C102,Suresh,2026-03-14,P201,Shirt,Fashion,2,1200,2400,UPI,Cancelled,Mumbai,India
1788,C101,Divya,2026-04-01,P302,Bag,Accessories,2,3000,6000,Card,Pending,Chennai,India
1789,C134,Kumar,2026-03-07,P302,Bag,Accessories,1,3000,3000,COD,Cancelled,Bangalore,India
1790,C166,Vijay,2026-02-25,P101,Smartphone,Electronics,3,15000,45000,COD,Pending,Bangalore,India
1791,C200,Ravi,2026-03-22,P102,Laptop,Electronics,1,50000,50000,Card,Completed,Chennai,India
1792,C123,Sneha,2026-01-22,P103,Headphones,Electronics,1,2000,2000,Card,Completed,Delhi,India
1793,C185,Kumar,2026-02-11,P301,Watch,Accessories,2,8000,16000,Card,Pending,Hyderabad,India
1794,C158,Sneha,2026-03-13,P202,Shoes,Fashion,2,2500,5000,Card,Completed,Coimbatore,India
1795,C019,Priya,2026-01-08,P201,Shirt,Fashion,1,1200,1200,COD,Completed,Mumbai,India
1796,C095,Vijay,2026-02-16,P301,Watch,Accessories,1,8000,8000,COD,Cancelled,Bangalore,India
1797,C133,Vijay,2026-03-26,P201,Shirt,Fashion,3,1200,3600,UPI,Completed,Delhi,India
1798,C029,Arun,2026-01-13,P103,Headphones,Electronics,1,2000,2000,UPI,Pending,Coimbatore,India
1799,C068,Divya,2026-01-04,P202,Shoes,Fashion,3,2500,7500,Card,Completed,Chennai,India
1800,C008,Vijay,2026-01-14,P101,Smartphone,Electronics,1,15000,15000,COD,Pending,Chennai,India
1801,C145,Divya,2026-01-06,P101,Smartphone,Electronics,1,15000,15000,UPI,Pending,Coimbatore,India
1802,C175,Rahul,2026-01-29,P103,Headphones,Electronics,3,2000,6000,COD,Cancelled,Mumbai,India
1803,C161,Priya,2026-01-11,P201,Shirt,Fashion,3,1200,3600,COD,Pending,Mumbai,India
1804,C138,Rahul,2026-01-07,P101,Smartphone,Electronics,2,15000,30000,UPI,Completed,Bangalore,India
1805,C108,Arun,2026-01-17,P201,Shirt,Fashion,2,1200,2400,COD,Completed,Chennai,India
1806,C088,Kumar,2026-02-17,P102,Laptop,Electronics,3,50000,150000,Card,Cancelled,Bangalore,India
1807,C095,Kumar,2026-01-10,P201,Shirt,Fashion,3,1200,3600,Card,Cancelled,Madurai,India
1808,C145,Arun,2026-01-09,P103,Headphones,Electronics,3,2000,6000,COD,Cancelled,Hyderabad,India
1809,C177,Anitha,2026-02-03,P202,Shoes,Fashion,2,2500,5000,Card,Completed,Madurai,India
1810,C053,Suresh,2026-01-21,P102,Laptop,Electronics,2,50000,100000,COD,Cancelled,Madurai,India
1811,C190,Suresh,2026-02-16,P102,Laptop,Electronics,3,50000,150000,COD,Completed,Chennai,India
1812,C019,Vijay,2026-02-14,P102,Laptop,Electronics,2,50000,100000,UPI,Pending,Bangalore,India
1813,C162,Arun,2026-01-22,P301,Watch,Accessories,2,8000,16000,UPI,Pending,Delhi,India
1814,C127,Suresh,2026-01-07,P101,Smartphone,Electronics,3,15000,45000,UPI,Cancelled,Hyderabad,India
1815,C028,Arun,2026-01-01,P101,Smartphone,Electronics,1,15000,15000,COD,Cancelled,Coimbatore,India
1816,C092,Ravi,2026-02-20,P201,Shirt,Fashion,3,1200,3600,COD,Pending,Madurai,India
1817,C086,Priya,2026-01-22,P201,Shirt,Fashion,1,1200,1200,Card,Cancelled,Delhi,India
1818,C195,Arun,2026-03-25,P301,Watch,Accessories,2,8000,16000,Card,Cancelled,Chennai,India
1819,C057,Priya,2026-03-10,P101,Smartphone,Electronics,3,15000,45000,COD,Completed,Delhi,India
1820,C059,Priya,2026-01-28,P202,Shoes,Fashion,3,2500,7500,UPI,Cancelled,Mumbai,India
1821,C087,Suresh,2026-01-08,P201,Shirt,Fashion,3,1200,3600,Card,Cancelled,Mumbai,India
1822,C012,Ravi,2026-01-25,P103,Headphones,Electronics,2,2000,4000,Card,Completed,Bangalore,India
1823,C088,Ravi,2026-02-20,P101,Smartphone,Electronics,1,15000,15000,UPI,Cancelled,Chennai,India
1824,C125,Priya,2026-03-05,P302,Bag,Accessories,1,3000,3000,COD,Cancelled,Coimbatore,India
1825,C072,Suresh,2026-01-21,P201,Shirt,Fashion,2,1200,2400,Card,Completed,Madurai,India
1826,C180,Rahul,2026-01-01,P302,Bag,Accessories,3,3000,9000,UPI,Completed,Chennai,India
1827,C003,Ravi,2026-03-10,P201,Shirt,Fashion,2,1200,2400,UPI,Completed,Bangalore,India
1828,C116,Divya,2026-01-03,P103,Headphones,Electronics,1,2000,2000,Card,Completed,Delhi,India
1829,C076,Ravi,2026-03-28,P102,Laptop,Electronics,2,50000,100000,Card,Completed,Madurai,India
1830,C059,Kumar,2026-02-07,P201,Shirt,Fashion,3,1200,3600,Card,Pending,Coimbatore,India
1831,C181,Anitha,2026-01-08,P202,Shoes,Fashion,1,2500,2500,Card,Pending,Delhi,India
1832,C044,Divya,2026-03-27,P201,Shirt,Fashion,2,1200,2400,Card,Cancelled,Delhi,India
1833,C068,Kumar,2026-01-13,P302,Bag,Accessories,2,3000,6000,Card,Pending,Delhi,India
1834,C012,Kumar,2026-03-20,P102,Laptop,Electronics,3,50000,150000,COD,Cancelled,Coimbatore,India
1835,C127,Kumar,2026-02-05,P301,Watch,Accessories,1,8000,8000,UPI,Pending,Delhi,India
1836,C143,Ravi,2026-02-10,P101,Smartphone,Electronics,3,15000,45000,COD,Pending,Madurai,India
1837,C098,Vijay,2026-01-02,P301,Watch,Accessories,3,8000,24000,UPI,Cancelled,Mumbai,India
1838,C135,Sneha,2026-03-20,P202,Shoes,Fashion,2,2500,5000,UPI,Pending,Chennai,India
1839,C183,Anitha,2026-02-10,P101,Smartphone,Electronics,1,15000,15000,UPI,Pending,Hyderabad,India
1840,C182,Suresh,2026-02-03,P103,Headphones,Electronics,3,2000,6000,COD,Completed,Chennai,India
1841,C115,Suresh,2026-03-12,P302,Bag,Accessories,2,3000,6000,UPI,Completed,Chennai,India
1842,C065,Rahul,2026-02-15,P103,Headphones,Electronics,3,2000,6000,Card,Cancelled,Chennai,India
1843,C156,Vijay,2026-03-03,P101,Smartphone,Electronics,1,15000,15000,UPI,Completed,Hyderabad,India
1844,C063,Divya,2026-02-26,P102,Laptop,Electronics,1,50000,50000,UPI,Cancelled,Hyderabad,India
1845,C169,Priya,2026-01-20,P201,Shirt,Fashion,2,1200,2400,Card,Completed,Bangalore,India
1846,C017,Anitha,2026-01-14,P103,Headphones,Electronics,1,2000,2000,UPI,Pending,Delhi,India
1847,C112,Kumar,2026-03-11,P201,Shirt,Fashion,3,1200,3600,COD,Cancelled,Hyderabad,India
1848,C145,Vijay,2026-03-22,P301,Watch,Accessories,3,8000,24000,UPI,Cancelled,Mumbai,India
1849,C140,Rahul,2026-01-10,P102,Laptop,Electronics,1,50000,50000,COD,Pending,Madurai,India
1850,C132,Ravi,2026-02-13,P301,Watch,Accessories,1,8000,8000,COD,Pending,Delhi,India
1851,C002,Suresh,2026-01-21,P201,Shirt,Fashion,2,1200,2400,Card,Cancelled,Coimbatore,India
1852,C097,Arun,2026-03-28,P202,Shoes,Fashion,3,2500,7500,COD,Pending,Bangalore,India
1853,C082,Suresh,2026-01-05,P102,Laptop,Electronics,1,50000,50000,Card,Completed,Mumbai,India
1854,C119,Suresh,2026-02-26,P201,Shirt,Fashion,3,1200,3600,UPI,Cancelled,Mumbai,India
1855,C129,Suresh,2026-03-02,P302,Bag,Accessories,2,3000,6000,COD,Cancelled,Hyderabad,India
1856,C044,Sneha,2026-03-17,P101,Smartphone,Electronics,3,15000,45000,UPI,Pending,Delhi,India
1857,C166,Priya,2026-02-18,P202,Shoes,Fashion,2,2500,5000,Card,Pending,Mumbai,India
1858,C100,Vijay,2026-01-29,P202,Shoes,Fashion,2,2500,5000,UPI,Cancelled,Bangalore,India
1859,C009,Sneha,2026-01-30,P202,Shoes,Fashion,1,2500,2500,UPI,Pending,Delhi,India
1860,C079,Ravi,2026-01-11,P101,Smartphone,Electronics,2,15000,30000,Card,Completed,Hyderabad,India
1861,C060,Sneha,2026-03-19,P101,Smartphone,Electronics,2,15000,30000,COD,Completed,Bangalore,India
1862,C159,Anitha,2026-02-01,P301,Watch,Accessories,2,8000,16000,COD,Completed,Hyderabad,India
1863,C007,Divya,2026-04-01,P102,Laptop,Electronics,2,50000,100000,COD,Pending,Mumbai,India
1864,C144,Anitha,2026-01-23,P201,Shirt,Fashion,2,1200,2400,COD,Completed,Madurai,India
1865,C067,Arun,2026-02-19,P202,Shoes,Fashion,2,2500,5000,UPI,Pending,Mumbai,India
1866,C113,Sneha,2026-01-18,P103,Headphones,Electronics,3,2000,6000,COD,Completed,Madurai,India
1867,C003,Ravi,2026-03-23,P202,Shoes,Fashion,1,2500,2500,UPI,Pending,Madurai,India
1868,C116,Sneha,2026-03-22,P101,Smartphone,Electronics,1,15000,15000,Card,Pending,Delhi,India
1869,C092,Vijay,2026-03-11,P102,Laptop,Electronics,3,50000,150000,Card,Pending,Hyderabad,India
1870,C005,Kumar,2026-01-12,P102,Laptop,Electronics,1,50000,50000,Card,Pending,Bangalore,India
1871,C159,Vijay,2026-03-18,P102,Laptop,Electronics,1,50000,50000,UPI,Pending,Coimbatore,India
1872,C167,Suresh,2026-01-11,P102,Laptop,Electronics,2,50000,100000,UPI,Cancelled,Chennai,India
1873,C142,Divya,2026-03-05,P103,Headphones,Electronics,1,2000,2000,Card,Completed,Mumbai,India
1874,C105,Rahul,2026-03-29,P201,Shirt,Fashion,2,1200,2400,UPI,Pending,Bangalore,India
1875,C142,Suresh,2026-01-28,P103,Headphones,Electronics,3,2000,6000,UPI,Cancelled,Delhi,India
1876,C187,Vijay,2026-01-11,P202,Shoes,Fashion,2,2500,5000,UPI,Completed,Chennai,India
1877,C053,Ravi,2026-01-20,P103,Headphones,Electronics,1,2000,2000,COD,Completed,Delhi,India
1878,C157,Kumar,2026-03-07,P102,Laptop,Electronics,2,50000,100000,Card,Pending,Mumbai,India
1879,C164,Priya,2026-03-13,P201,Shirt,Fashion,2,1200,2400,UPI,Pending,Mumbai,India
1880,C139,Sneha,2026-02-20,P201,Shirt,Fashion,1,1200,1200,UPI,Cancelled,Madurai,India
1881,C014,Anitha,2026-02-20,P103,Headphones,Electronics,2,2000,4000,UPI,Cancelled,Delhi,India
1882,C106,Suresh,2026-01-10,P102,Laptop,Electronics,3,50000,150000,UPI,Cancelled,Madurai,India
1883,C093,Kumar,2026-01-30,P101,Smartphone,Electronics,3,15000,45000,COD,Cancelled,Hyderabad,India
1884,C191,Priya,2026-02-01,P201,Shirt,Fashion,2,1200,2400,Card,Completed,Delhi,India
1885,C093,Suresh,2026-02-14,P101,Smartphone,Electronics,2,15000,30000,Card,Pending,Mumbai,India
1886,C149,Ravi,2026-01-22,P302,Bag,Accessories,3,3000,9000,Card,Completed,Bangalore,India
1887,C145,Divya,2026-01-12,P301,Watch,Accessories,3,8000,24000,Card,Pending,Coimbatore,India
1888,C017,Divya,2026-03-03,P102,Laptop,Electronics,1,50000,50000,UPI,Completed,Mumbai,India
1889,C074,Divya,2026-02-16,P302,Bag,Accessories,1,3000,3000,UPI,Completed,Mumbai,India
1890,C173,Suresh,2026-01-02,P101,Smartphone,Electronics,1,15000,15000,COD,Pending,Madurai,India
1891,C192,Sneha,2026-01-03,P102,Laptop,Electronics,2,50000,100000,COD,Pending,Coimbatore,India
1892,C195,Priya,2026-01-09,P101,Smartphone,Electronics,3,15000,45000,UPI,Cancelled,Chennai,India
1893,C027,Sneha,2026-02-14,P301,Watch,Accessories,2,8000,16000,Card,Completed,Madurai,India
1894,C073,Ravi,2026-02-25,P101,Smartphone,Electronics,3,15000,45000,COD,Completed,Mumbai,India
1895,C027,Suresh,2026-02-02,P103,Headphones,Electronics,2,2000,4000,COD,Cancelled,Bangalore,India
1896,C192,Divya,2026-02-27,P302,Bag,Accessories,3,3000,9000,COD,Cancelled,Mumbai,India
1897,C117,Sneha,2026-02-25,P301,Watch,Accessories,1,8000,8000,COD,Completed,Madurai,India
1898,C035,Vijay,2026-03-28,P102,Laptop,Electronics,2,50000,100000,UPI,Pending,Mumbai,India
1899,C035,Ravi,2026-01-15,P103,Headphones,Electronics,3,2000,6000,UPI,Completed,Hyderabad,India
1900,C070,Rahul,2026-03-11,P301,Watch,Accessories,1,8000,8000,COD,Cancelled,Bangalore,India
1901,C152,Anitha,2026-02-23,P101,Smartphone,Electronics,1,15000,15000,COD,Completed,Mumbai,India
1902,C180,Anitha,2026-03-30,P202,Shoes,Fashion,3,2500,7500,COD,Cancelled,Mumbai,India
1903,C025,Vijay,2026-03-02,P201,Shirt,Fashion,3,1200,3600,COD,Cancelled,Coimbatore,India
1904,C187,Suresh,2026-01-01,P101,Smartphone,Electronics,2,15000,30000,Card,Pending,Coimbatore,India
1905,C042,Priya,2026-02-16,P201,Shirt,Fashion,1,1200,1200,Card,Pending,Chennai,India
1906,C166,Anitha,2026-01-10,P201,Shirt,Fashion,3,1200,3600,COD,Cancelled,Coimbatore,India
1907,C185,Ravi,2026-02-26,P101,Smartphone,Electronics,1,15000,15000,Card,Pending,Mumbai,India
1908,C084,Divya,2026-01-02,P301,Watch,Accessories,3,8000,24000,UPI,Pending,Madurai,India
1909,C179,Suresh,2026-03-14,P301,Watch,Accessories,2,8000,16000,UPI,Pending,Delhi,India
1910,C169,Arun,2026-02-08,P102,Laptop,Electronics,3,50000,150000,Card,Cancelled,Delhi,India
1911,C149,Vijay,2026-02-07,P201,Shirt,Fashion,1,1200,1200,Card,Completed,Coimbatore,India
1912,C063,Arun,2026-01-30,P103,Headphones,Electronics,1,2000,2000,UPI,Completed,Madurai,India
1913,C165,Anitha,2026-01-01,P102,Laptop,Electronics,3,50000,150000,COD,Cancelled,Madurai,India
1914,C128,Kumar,2026-01-31,P101,Smartphone,Electronics,3,15000,45000,COD,Cancelled,Madurai,India
1915,C031,Arun,2026-03-18,P301,Watch,Accessories,1,8000,8000,UPI,Pending,Chennai,India
1916,C039,Vijay,2026-03-04,P103,Headphones,Electronics,1,2000,2000,Card,Pending,Coimbatore,India
1917,C017,Priya,2026-01-05,P302,Bag,Accessories,3,3000,9000,COD,Completed,Bangalore,India
1918,C147,Sneha,2026-01-09,P101,Smartphone,Electronics,3,15000,45000,Card,Pending,Madurai,India
1919,C130,Divya,2026-02-23,P101,Smartphone,Electronics,3,15000,45000,UPI,Completed,Chennai,India
1920,C111,Rahul,2026-03-22,P302,Bag,Accessories,2,3000,6000,UPI,Pending,Coimbatore,India
1921,C043,Arun,2026-02-12,P201,Shirt,Fashion,2,1200,2400,UPI,Pending,Hyderabad,India
1922,C140,Sneha,2026-01-06,P202,Shoes,Fashion,2,2500,5000,Card,Completed,Delhi,India
1923,C090,Suresh,2026-02-07,P302,Bag,Accessories,3,3000,9000,COD,Completed,Coimbatore,India
1924,C069,Suresh,2026-02-08,P201,Shirt,Fashion,1,1200,1200,UPI,Pending,Coimbatore,India
1925,C198,Divya,2026-01-28,P302,Bag,Accessories,3,3000,9000,UPI,Cancelled,Bangalore,India
1926,C036,Divya,2026-01-18,P103,Headphones,Electronics,1,2000,2000,COD,Completed,Mumbai,India
1927,C040,Ravi,2026-01-05,P201,Shirt,Fashion,2,1200,2400,Card,Completed,Hyderabad,India
1928,C100,Rahul,2026-01-01,P202,Shoes,Fashion,1,2500,2500,Card,Pending,Mumbai,India
1929,C102,Sneha,2026-03-04,P302,Bag,Accessories,2,3000,6000,UPI,Cancelled,Delhi,India
1930,C116,Kumar,2026-03-21,P103,Headphones,Electronics,3,2000,6000,UPI,Cancelled,Madurai,India
1931,C077,Kumar,2026-02-15,P103,Headphones,Electronics,3,2000,6000,COD,Pending,Coimbatore,India
1932,C038,Suresh,2026-01-24,P302,Bag,Accessories,3,3000,9000,COD,Pending,Chennai,India
1933,C011,Arun,2026-03-11,P102,Laptop,Electronics,2,50000,100000,COD,Cancelled,Chennai,India
1934,C126,Suresh,2026-03-04,P101,Smartphone,Electronics,2,15000,30000,COD,Completed,Hyderabad,India
1935,C112,Arun,2026-02-06,P202,Shoes,Fashion,3,2500,7500,COD,Cancelled,Bangalore,India
1936,C055,Suresh,2026-01-30,P202,Shoes,Fashion,2,2500,5000,COD,Pending,Mumbai,India
1937,C078,Arun,2026-02-20,P103,Headphones,Electronics,3,2000,6000,UPI,Completed,Delhi,India
1938,C089,Priya,2026-01-21,P201,Shirt,Fashion,3,1200,3600,COD,Completed,Mumbai,India
1939,C137,Kumar,2026-03-07,P102,Laptop,Electronics,1,50000,50000,COD,Completed,Coimbatore,India
1940,C193,Anitha,2026-02-25,P302,Bag,Accessories,2,3000,6000,COD,Pending,Chennai,India
1941,C003,Ravi,2026-03-14,P201,Shirt,Fashion,3,1200,3600,COD,Pending,Chennai,India
1942,C047,Vijay,2026-03-31,P201,Shirt,Fashion,2,1200,2400,Card,Pending,Delhi,India
1943,C032,Kumar,2026-01-08,P102,Laptop,Electronics,2,50000,100000,COD,Cancelled,Coimbatore,India
1944,C096,Vijay,2026-03-28,P302,Bag,Accessories,1,3000,3000,UPI,Cancelled,Madurai,India
1945,C121,Rahul,2026-02-07,P102,Laptop,Electronics,1,50000,50000,Card,Cancelled,Madurai,India
1946,C172,Suresh,2026-02-20,P301,Watch,Accessories,2,8000,16000,Card,Cancelled,Bangalore,India
1947,C009,Anitha,2026-03-05,P202,Shoes,Fashion,1,2500,2500,Card,Pending,Madurai,India
1948,C156,Vijay,2026-03-27,P202,Shoes,Fashion,2,2500,5000,UPI,Cancelled,Chennai,India
1949,C096,Suresh,2026-03-03,P102,Laptop,Electronics,2,50000,100000,UPI,Cancelled,Madurai,India
1950,C063,Anitha,2026-03-05,P102,Laptop,Electronics,3,50000,150000,Card,Cancelled,Delhi,India
1951,C043,Anitha,2026-03-28,P101,Smartphone,Electronics,3,15000,45000,UPI,Cancelled,Chennai,India
1952,C043,Kumar,2026-02-19,P102,Laptop,Electronics,2,50000,100000,Card,Completed,Mumbai,India
1953,C128,Suresh,2026-01-23,P103,Headphones,Electronics,3,2000,6000,COD,Completed,Mumbai,India
1954,C009,Anitha,2026-01-17,P201,Shirt,Fashion,1,1200,1200,COD,Completed,Mumbai,India
1955,C087,Rahul,2026-01-19,P102,Laptop,Electronics,3,50000,150000,COD,Completed,Coimbatore,India
1956,C126,Divya,2026-01-13,P301,Watch,Accessories,1,8000,8000,UPI,Completed,Madurai,India
1957,C080,Divya,2026-03-03,P103,Headphones,Electronics,3,2000,6000,Card,Pending,Hyderabad,India
1958,C092,Anitha,2026-03-24,P102,Laptop,Electronics,1,50000,50000,Card,Pending,Delhi,India
1959,C120,Priya,2026-02-25,P301,Watch,Accessories,2,8000,16000,UPI,Pending,Delhi,India
1960,C046,Suresh,2026-01-29,P202,Shoes,Fashion,2,2500,5000,COD,Completed,Bangalore,India
1961,C048,Ravi,2026-03-30,P301,Watch,Accessories,1,8000,8000,UPI,Pending,Delhi,India
1962,C178,Rahul,2026-02-17,P101,Smartphone,Electronics,1,15000,15000,Card,Pending,Mumbai,India
1963,C101,Vijay,2026-04-01,P101,Smartphone,Electronics,2,15000,30000,UPI,Cancelled,Mumbai,India
1964,C016,Divya,2026-02-24,P101,Smartphone,Electronics,1,15000,15000,Card,Pending,Chennai,India
1965,C171,Kumar,2026-02-14,P301,Watch,Accessories,3,8000,24000,Card,Completed,Madurai,India
1966,C184,Divya,2026-01-31,P302,Bag,Accessories,2,3000,6000,COD,Pending,Madurai,India
1967,C034,Rahul,2026-03-09,P301,Watch,Accessories,3,8000,24000,UPI,Cancelled,Delhi,India
1968,C096,Ravi,2026-03-06,P202,Shoes,Fashion,3,2500,7500,Card,Completed,Hyderabad,India
1969,C178,Rahul,2026-03-26,P201,Shirt,Fashion,2,1200,2400,COD,Completed,Delhi,India
1970,C079,Sneha,2026-01-20,P301,Watch,Accessories,1,8000,8000,Card,Completed,Hyderabad,India
1971,C041,Priya,2026-03-08,P201,Shirt,Fashion,1,1200,1200,Card,Cancelled,Madurai,India
1972,C017,Kumar,2026-02-03,P202,Shoes,Fashion,1,2500,2500,Card,Pending,Bangalore,India
1973,C079,Arun,2026-03-19,P103,Headphones,Electronics,3,2000,6000,Card,Pending,Mumbai,India
1974,C041,Kumar,2026-03-11,P301,Watch,Accessories,1,8000,8000,Card,Cancelled,Coimbatore,India
1975,C053,Anitha,2026-01-25,P202,Shoes,Fashion,1,2500,2500,COD,Pending,Chennai,India
1976,C107,Rahul,2026-03-08,P302,Bag,Accessories,1,3000,3000,Card,Pending,Chennai,India
1977,C200,Divya,2026-01-09,P102,Laptop,Electronics,2,50000,100000,UPI,Completed,Hyderabad,India
1978,C194,Suresh,2026-03-31,P202,Shoes,Fashion,1,2500,2500,COD,Pending,Chennai,India
1979,C146,Arun,2026-03-17,P301,Watch,Accessories,3,8000,24000,COD,Cancelled,Chennai,India
1980,C132,Anitha,2026-01-14,P301,Watch,Accessories,1,8000,8000,UPI,Completed,Madurai,India
1981,C006,Anitha,2026-01-30,P302,Bag,Accessories,3,3000,9000,UPI,Cancelled,Mumbai,India
1982,C007,Ravi,2026-02-26,P102,Laptop,Electronics,1,50000,50000,COD,Pending,Madurai,India
1983,C197,Vijay,2026-01-14,P201,Shirt,Fashion,1,1200,1200,COD,Completed,Delhi,India
1984,C095,Rahul,2026-02-10,P202,Shoes,Fashion,2,2500,5000,COD,Cancelled,Coimbatore,India
1985,C151,Rahul,2026-02-04,P102,Laptop,Electronics,3,50000,150000,Card,Completed,Coimbatore,India
1986,C055,Anitha,2026-01-06,P301,Watch,Accessories,1,8000,8000,UPI,Completed,Chennai,India
1987,C117,Ravi,2026-01-22,P201,Shirt,Fashion,1,1200,1200,UPI,Pending,Mumbai,India
1988,C002,Sneha,2026-02-01,P101,Smartphone,Electronics,3,15000,45000,UPI,Cancelled,Chennai,India
1989,C137,Ravi,2026-01-29,P101,Smartphone,Electronics,2,15000,30000,COD,Pending,Hyderabad,India
1990,C036,Arun,2026-02-20,P101,Smartphone,Electronics,3,15000,45000,Card,Cancelled,Chennai,India
1991,C019,Priya,2026-01-15,P202,Shoes,Fashion,1,2500,2500,COD,Cancelled,Hyderabad,India
1992,C084,Kumar,2026-01-16,P201,Shirt,Fashion,2,1200,2400,COD,Cancelled,Coimbatore,India
1993,C138,Vijay,2026-02-05,P103,Headphones,Electronics,3,2000,6000,UPI,Completed,Coimbatore,India
1994,C194,Suresh,2026-03-10,P102,Laptop,Electronics,1,50000,50000,COD,Pending,Mumbai,India
1995,C087,Kumar,2026-01-12,P302,Bag,Accessories,2,3000,6000,Card,Completed,Coimbatore,India
1996,C197,Sneha,2026-01-14,P302,Bag,Accessories,3,3000,9000,Card,Pending,Bangalore,India
1997,C111,Vijay,2026-01-25,P302,Bag,Accessories,2,3000,6000,Card,Cancelled,Hyderabad,India
1998,C015,Priya,2026-03-10,P202,Shoes,Fashion,1,2500,2500,Card,Cancelled,Coimbatore,India
1999,C050,Rahul,2026-02-27,P102,Laptop,Electronics,1,50000,50000,UPI,Pending,Hyderabad,India
2000,C196,Vijay,2026-01-06,P301,Watch,Accessories,3,8000,24000,UPI,Completed,Delhi,India
